"","pos","id","rodent","centre","tumour","slice_adc","pc_necrosis","total_cellularity","total_cellularity2","total_area","training.set","test.set","condition","group","n.adc","pi.adcgtpw","adc.mean","adc.median","adc.sd","adc.skewness","adc.kurtosis","adc.cutoff.N_BE","adc.cutoff.CT_GA","adc.cutoff.CT_NO","adc.cutoff.CV_GA","adc.cutoff.CV_NO","adc.cutoff.N_NO","adc.cutoffN","adc.cutoffCT","adc.cutoffCV","SHASH.mu","SHASH.sigma","SHASH.nu","SHASH.tau","missing","missing.A","missing.B","missing.C","missing.D","missing.E","missing.reason"
"AZ10ADC2|CH12043D_GP8_10_1_HE|1",1,"AZ10ADC2|CH12043D_GP8_10_1_HE|1","AZ10ADC2","AZ","PC9",5,8.0134,4873.6529,5141.3452,9.8882,TRUE,FALSE,"PC9","Untreated",65,0,0.000670447210835006,0.000690763408783823,0.000100171633988976,-0.877633079372722,3.83251276451849,-11.5129154649202,-9.21034037197618,-9.21034037197618,-9.21034037197618,-9.21034037197618,-9.21034037197618,1e-04,1e-04,1e-04,0.000687111405914442,-9.91519685366749,-0.533408009538374,-0.21197489264924,FALSE,FALSE,FALSE,FALSE,FALSE,FALSE,"Not missing"
"AZ12ADC1|CH12043A_GP2_12_1_HE|1",2,"AZ12ADC1|CH12043A_GP2_12_1_HE|1","AZ12ADC1","AZ","PC9",8,57.1954,2785.4837,5354.2466,14.5437,TRUE,FALSE,"PC9","Untreated",116,0.0491803278688525,0.00141265517241379,0.0011935,0.000718383958417881,0.696645551740783,2.32489409330798,-0.172842812839411,-1.70906775338294,-1.61809597517721,-1.31960298662122,-1.31960298662122,-1.2272296664902,0.293103448275862,0.198275862068966,0.267241379310345,0.00115730193221268,-5.80726971354057,1.942289512217,0.890264054173213,FALSE,FALSE,FALSE,FALSE,FALSE,FALSE,"Not missing"
"AZ15ADC2|CH12043D_GP8_15_2_HE|1",3,"AZ15ADC2|CH12043D_GP8_15_2_HE|1","AZ15ADC2","AZ","PC9",6,17.2642,5156.0849,5715.1167,15.6551,TRUE,FALSE,"PC9","Untreated",165,0,0.000679902424242424,0.000682,7.96992823295374e-05,0.317302772280884,3.07945871697288,-11.5129154649202,-9.21034037197618,-9.21034037197618,-9.21034037197618,-9.21034037197618,-9.21034037197618,1e-04,1e-04,1e-04,0.000675388789980055,-9.38820923857104,0.112401504239899,-0.0297681849802417,FALSE,FALSE,FALSE,FALSE,FALSE,FALSE,"Not missing"
"AZ21ADC1|CH12043B_GP4_21_1_HE|1",4,"AZ21ADC1|CH12043B_GP4_21_1_HE|1","AZ21ADC1","AZ","PC9",6,49.344,4387.7219,6664.0567,8.1206,TRUE,FALSE,"PC9","Untreated",60,0,0.00103775363240856,0.0010294861276634,0.000270264344302726,0.115525033129906,2.15565746638332,-1.49392502531226,-9.21034037197618,-9.21034037197618,-9.21034037197618,-9.21034037197618,-9.21034037197618,1e-04,1e-04,1e-04,0.00102580632388505,-6.8744786229737,1.22496128700547,1.0883151012211,FALSE,FALSE,FALSE,FALSE,FALSE,FALSE,"Not missing"
"AZ22ADC1|CH12043A_GP2_22_1_HE|1",5,"AZ22ADC1|CH12043A_GP2_22_1_HE|1","AZ22ADC1","AZ","PC9",5,57.7149,3469.955,5540.5807,13.7192,TRUE,FALSE,"PC9","Untreated",191,0,0.000952884816753927,0.000799,0.000376754530486283,2.06386286793889,6.86219345809088,-1.76154569063156,-3.86597906692674,-3.64283551561253,-2.94968833505258,-2.94968833505258,-2.76736677825863,0.06282722513089,0.0261780104712042,0.0523560209424084,0.00080959806274229,-8.10661430602572,1.08364800499229,-0.454267880931879,FALSE,FALSE,FALSE,FALSE,FALSE,FALSE,"Not missing"
"AZ24ADC1|CH12043A_GP2_24_1_HE|1",6,"AZ24ADC1|CH12043A_GP2_24_1_HE|1","AZ24ADC1","AZ","PC9",7,65.3644,2392.2165,5494.337,10.2102,TRUE,FALSE,"PC9","Untreated",176,0,0.00118978579545455,0.001112,0.00040990162146885,0.441756412509574,2.18234875474372,-0.535142931416697,-4.47733681447821,-4.47733681447821,-2.60553463757662,-2.60553463757662,-2.12596155731473,0.119318181818182,0.0113636363636364,0.0738636363636364,0.00109494539893318,-6.00584366038875,1.99546280717727,1.32747144777304,FALSE,FALSE,FALSE,FALSE,FALSE,FALSE,"Not missing"
"AZ2ADC2|CH12043C_GP6_2_2_HE|1",7,"AZ2ADC2|CH12043C_GP6_2_2_HE|1","AZ2ADC2","AZ","PC9",2,45.825,4648.3499,6050.9193,13.0835,TRUE,FALSE,"PC9","Untreated",89,0,0.000879291011235955,0.0008316,0.00031090763925249,0.89296585367844,4.27298012567186,-2.3150076129926,-9.21034037197618,-9.21034037197618,-4.48863636973214,-4.48863636973214,-3.7954891891722,0.0224719101123595,1e-04,0.0112359550561798,0.000839503929760417,-8.77664511760157,-0.242651853874765,-0.51601990302939,FALSE,FALSE,FALSE,FALSE,FALSE,FALSE,"Not missing"
"AZ5ADC2|CH12043C_GP6_5_2_HE|1",8,"AZ5ADC2|CH12043C_GP6_5_2_HE|1","AZ5ADC2","AZ","PC9",5,20.6732,5369.5874,6007.3093,12.7632,TRUE,FALSE,"PC9","Untreated",127,0,0.000786167716535433,0.000779,0.000123083499133841,0.172994998437127,3.3074761815593,-11.5129154649202,-9.21034037197618,-9.21034037197618,-9.21034037197618,-9.21034037197618,-9.21034037197618,1e-04,1e-04,1e-04,0.000780584089598703,-9.47967894728167,-0.2470013651395,-0.330645208489106,FALSE,FALSE,FALSE,FALSE,FALSE,FALSE,"Not missing"
"AZ6ADC2|CH12043D_GP8_6_2_HE|1",9,"AZ6ADC2|CH12043D_GP8_6_2_HE|1","AZ6ADC2","AZ","PC9",8,33.7659,4035.8389,4963.0313,9.1177,TRUE,FALSE,"PC9","Untreated",121,0,0.000948103563763846,0.000880354782566428,0.000235157828327164,0.990214253133736,3.48431060609128,-2.6479462770325,-9.21034037197618,-9.21034037197618,-9.21034037197618,-9.21034037197618,-9.21034037197618,1e-04,1e-04,1e-04,0.000893438890284507,-8.15739330717355,0.601547380444087,-0.101349298112713,FALSE,FALSE,FALSE,FALSE,FALSE,FALSE,"Not missing"
"AZ71ADC2|CH12043D_GP8_71_2_HE|1",10,"AZ71ADC2|CH12043D_GP8_71_2_HE|1","AZ71ADC2","AZ","PC9",6,55.6519,3636.4255,5359.585,8.6436,TRUE,FALSE,"PC9","Untreated",158,0,0.000875301898734177,0.0008884,0.000225679368822884,-0.00484163525715854,3.1678168714318,-3.42100000895834,-9.21034037197618,-9.21034037197618,-9.21034037197618,-9.21034037197618,-9.21034037197618,1e-04,1e-04,1e-04,0.000877703622454123,-8.88872080040257,-0.304910770728502,-0.295682053094777,FALSE,FALSE,FALSE,FALSE,FALSE,FALSE,"Not missing"
"AZ73ADC2|CH12043C_GP6_73_1_HE|1",11,"AZ73ADC2|CH12043C_GP6_73_1_HE|1","AZ73ADC2","AZ","PC9",7,27.875,4493.549,5562.2594,16.7293,TRUE,FALSE,"PC9","Untreated",114,0,0.000961082699001977,0.000876725447596981,0.000305919859011862,2.59816946533806,11.1490597595425,-2.23683371543127,-3.63758615972639,-3.63758615972639,-3.3499040872746,-3.3499040872746,-3.3499040872746,0.0350877192982456,0.0263157894736842,0.0350877192982456,0.000880448122913784,-9.29012066996352,-0.144461728085868,-0.778163774992688,FALSE,FALSE,FALSE,FALSE,FALSE,FALSE,"Not missing"
"AZ77ADC3|CH12043F_GP12_77_1_HE|1",12,"AZ77ADC3|CH12043F_GP12_77_1_HE|1","AZ77ADC3","AZ","PC9",7,23.3717,5536.9817,5544.5129,5.9979,TRUE,FALSE,"PC9","Untreated",104,0,0.00105073269230769,0.0010215,0.000274879946060238,0.92709955253001,4.2414090848277,-1.63269477459837,-9.21034037197618,-9.21034037197618,-3.54577861047326,-3.54577861047326,-3.54577861047326,0.0288461538461538,1e-04,0.0288461538461538,0.001011547802641,-8.42386807612673,0.0831566837212848,-0.289097855789738,FALSE,FALSE,FALSE,FALSE,FALSE,FALSE,"Not missing"
"AZ78ADC3|CH12043F_GP12_78_1_HE|1",13,"AZ78ADC3|CH12043F_GP12_78_1_HE|1","AZ78ADC3","AZ","PC9",5,2.8676,5640.3491,5715.6543,13.8274,TRUE,FALSE,"PC9","Untreated",154,0,0.000731002597402597,0.00069275,0.000178134006965694,0.774220876742822,3.1554055075995,-11.5129154649202,-9.21034037197618,-9.21034037197618,-9.21034037197618,-9.21034037197618,-9.21034037197618,1e-04,1e-04,1e-04,0.000700099069021964,-8.64879125241785,0.28205714737264,-0.189734917989686,FALSE,FALSE,FALSE,FALSE,FALSE,FALSE,"Not missing"
"AZ7ADC1|CH12043B_GP4_7_1_HE|1",14,"AZ7ADC1|CH12043B_GP4_7_1_HE|1","AZ7ADC1","AZ","PC9",8,51.589,3536.1712,6038.5924,13.3355,TRUE,FALSE,"PC9","Untreated",147,0,0.00101746598639456,0.0009376,0.000332361909422771,0.392330318129324,2.09427491858033,-1.20102729409618,-9.21034037197618,-9.21034037197618,-4.99043258677874,-4.99043258677874,-4.29728540621879,0.0136054421768708,1e-04,0.00680272108843538,0.00095479058889101,-6.25814723654121,1.8845095946464,1.3264819207038,FALSE,FALSE,FALSE,FALSE,FALSE,FALSE,"Not missing"
"AZ84ADC3|CH12043E_GP10_84_2_HE|1",15,"AZ84ADC3|CH12043E_GP10_84_2_HE|1","AZ84ADC3","AZ","PC9",7,32.8942,5450.2168,6229.994,11.3176,TRUE,FALSE,"PC9","Untreated",78,0,0.000753008438504109,0.000735187844838946,0.000142774971147122,0.407647179520006,2.99963055492067,-11.5129154649202,-9.21034037197618,-9.21034037197618,-9.21034037197618,-9.21034037197618,-9.21034037197618,1e-04,1e-04,1e-04,0.000741002737947823,-9.03665175281605,-0.00225448449631768,-0.203977394427282,FALSE,FALSE,FALSE,FALSE,FALSE,FALSE,"Not missing"
"AZ86ADC3|CH12043F_GP12_86_2_HE|1",16,"AZ86ADC3|CH12043F_GP12_86_2_HE|1","AZ86ADC3","AZ","PC9",3,30.6489,4601.6493,5812.5477,17.4566,TRUE,FALSE,"PC9","Untreated",102,0,0.000912716666666667,0.00084415,0.000302882814016251,1.14429144206388,3.95659547539895,-1.9236870122706,-9.21034037197618,-9.21034037197618,-4.62497281328427,-4.62497281328427,-3.93182563272433,0.0196078431372549,1e-04,0.00980392156862745,0.000837122131629165,-8.36261072149816,0.265818691799883,-0.375529685142849,FALSE,FALSE,FALSE,FALSE,FALSE,FALSE,"Not missing"
"AZ87ADC3|CH12043E_GP10_87_2_HE|1",17,"AZ87ADC3|CH12043E_GP10_87_2_HE|1","AZ87ADC3","AZ","PC9",5,38.2419,5140.8432,6525.5041,11.9375,TRUE,FALSE,"PC9","Untreated",107,0,0.000936906542056075,0.0008956,0.000189595043756885,1.25079392566679,4.41776250069649,-2.38774290133435,-9.21034037197618,-9.21034037197618,-9.21034037197618,-9.21034037197618,-9.21034037197618,1e-04,1e-04,1e-04,0.000891499023470188,-8.63253419535981,0.425419181075596,-0.27257904160437,FALSE,FALSE,FALSE,FALSE,FALSE,FALSE,"Not missing"
"AZ89ADC3|CH12043E_GP10_89_1_HE|1",18,"AZ89ADC3|CH12043E_GP10_89_1_HE|1","AZ89ADC3","AZ","PC9",6,20.6554,5396.9456,5902.9523,16.7988,TRUE,FALSE,"PC9","Untreated",117,0,0.0007972,0.0006726,0.000315821901743197,2.36193191929915,7.97101868829381,-2.484906649788,-9.21034037197618,-9.21034037197618,-3.66356164612965,-3.66356164612965,-3.15273602236366,0.0427350427350427,1e-04,0.0256410256410256,0.000674845853447678,-8.13778699104996,1.6121191280284,-0.409215841604359,FALSE,FALSE,FALSE,FALSE,FALSE,FALSE,"Not missing"
"AZ95ADC3|CH12043F_GP12_95_1_HE|1",19,"AZ95ADC3|CH12043F_GP12_95_1_HE|1","AZ95ADC3","AZ","PC9",6,56.4767,3715.6253,5919.5017,16.5156,TRUE,FALSE,"PC9","Untreated",135,0,0.00117104888888889,0.00111,0.000317324113431636,0.592700801511091,2.50489124490799,-0.90078654533819,-9.21034037197618,-9.21034037197618,-3.11351530921037,-3.11351530921037,-2.70805020110221,0.0666666666666667,1e-04,0.0444444444444445,0.0011128231368715,-6.77079884031951,1.45912167974391,0.826273688436703,FALSE,FALSE,FALSE,FALSE,FALSE,FALSE,"Not missing"
"AZ99ADC3|CH12043E_GP10_99_1_HE|1",20,"AZ99ADC3|CH12043E_GP10_99_1_HE|1","AZ99ADC3","AZ","PC9",6,42.9575,3729.4773,5639.1596,13.3967,TRUE,FALSE,"PC9","Untreated",187,0,0.0012288807486631,0.001032,0.000570898390629271,1.07623110590373,3.40276093845451,-0.74984252423649,-2.34073685895842,-2.2353763433006,-1.79712141236944,-1.73460105538811,-1.70474809223843,0.181818181818182,0.106951871657754,0.176470588235294,0.00107022419956315,-6.4151649480519,1.54706612294328,0.481655771576547,FALSE,FALSE,FALSE,FALSE,FALSE,FALSE,"Not missing"
"AZ9ADC1|CH12043B_GP4_9_2_HE|1",21,"AZ9ADC1|CH12043B_GP4_9_2_HE|1","AZ9ADC1","AZ","PC9",2,42.1954,2986.4894,4396.6824,9.88,TRUE,FALSE,"PC9","Untreated",74,0,0.00154041621621622,0.001555,0.000354698498255827,-0.10914351648484,3.49238737586139,1.06289420606603,-3.61091791264422,-3.61091791264422,-1.53147637096439,-1.53147637096439,-1.413693335308,0.243243243243243,0.027027027027027,0.216216216216216,0.00155143656536566,-8.44393104181644,-0.326086353549198,-0.275329745946216,FALSE,FALSE,FALSE,FALSE,FALSE,FALSE,"Not missing"
"AZ9ADC2|CH12043C_GP6_9_1_HE|1",22,"AZ9ADC2|CH12043C_GP6_9_1_HE|1","AZ9ADC2","AZ","PC9",4,22.3843,5337.1733,6002.6975,13.6547,TRUE,FALSE,"PC9","Untreated",81,0,0.000744620987654321,0.0007227,0.000118991244127509,2.01976575417087,8.72806009895523,-11.5129154649202,-9.21034037197618,-9.21034037197618,-9.21034037197618,-9.21034037197618,-9.21034037197618,1e-04,1e-04,1e-04,0.000713716842946789,-9.1678585962467,0.492671127185746,-0.32705306277331,FALSE,FALSE,FALSE,FALSE,FALSE,FALSE,"Not missing"
"AZ100ADC3|CH12043F_GP11_100_2_HE|1",23,"AZ100ADC3|CH12043F_GP11_100_2_HE|1","AZ100ADC3","AZTx","PC9",5,17.3794,5288.97461,5852.56452,12.10625,FALSE,TRUE,"PC9Tx","Post-treatment",78,0,0.00103042564856318,0.000949874811340123,0.000315517521238146,1.47236223092044,4.90959652763187,-1.8067973465926,-9.21034037197618,-9.21034037197618,-3.25809653802148,-3.25809653802148,-3.25809653802148,0.0384615384615385,1e-04,0.0384615384615385,0.000940858230017842,-8.75636614869689,0.0678544331902462,-0.600888896055825,FALSE,FALSE,FALSE,FALSE,FALSE,FALSE,"Not missing"
"AZ10ADC1|CH12043B_GP3_10_1_HE|1",24,"AZ10ADC1|CH12043B_GP3_10_1_HE|1","AZ10ADC1","AZTx","PC9",9,3.0991,4916.59542,4996.88633,8.77575,FALSE,TRUE,"PC9Tx","Post-treatment",89,0,0.000760355166400249,0.000776161148678511,0.000206727489021722,-0.0684485247690521,2.21632108685206,-11.5129154649202,-9.21034037197618,-9.21034037197618,-9.21034037197618,-9.21034037197618,-9.21034037197618,1e-04,1e-04,1e-04,0.000760900437454576,-7.35770166579722,0.923154507494879,0.961845175704188,FALSE,FALSE,FALSE,FALSE,FALSE,FALSE,"Not missing"
"AZ12ADC2|CH12043D_GP7_12_2_HE|1",25,"AZ12ADC2|CH12043D_GP7_12_2_HE|1","AZ12ADC2","AZTx","PC9",3,29.7809,4025.15188,4922.90613,9.12706,FALSE,TRUE,"PC9Tx","Post-treatment",154,0,0.000931315723072976,0.000949922687141225,0.000552138324518113,0.671993866580369,2.96585506015196,-1.46101790731583,-3.42751468997953,-3.42751468997953,-2.26436388017385,-2.20373925835741,-2.20373925835741,0.11038961038961,0.0324675324675325,0.11038961038961,NA,NA,NA,NA,TRUE,FALSE,FALSE,FALSE,TRUE,FALSE,"D"
"AZ14ADC2|CH12043C_GP5_14_1_HE|1",26,"AZ14ADC2|CH12043C_GP5_14_1_HE|1","AZ14ADC2","AZTx","PC9",5,36.5526,5068.39548,6077.52942,13.7773,FALSE,TRUE,"PC9Tx","Post-treatment",197,0,0.000743226934434742,0.000757860485464334,0.000165153477620414,-0.0231744962277087,3.66676659282354,-11.5129154649202,-9.21034037197618,-9.21034037197618,-9.21034037197618,-9.21034037197618,-9.21034037197618,1e-04,1e-04,1e-04,0.000753981035532597,-9.30926057918027,-0.39451561128444,-0.318155032021468,FALSE,FALSE,FALSE,FALSE,FALSE,FALSE,"Not missing"
"AZ17ADC1|CH12043B_GP3_17_1_HE|1",27,"AZ17ADC1|CH12043B_GP3_17_1_HE|1","AZ17ADC1","AZTx","PC9",6,37.3279,4621.68186,5713.65158,10.01622,FALSE,TRUE,"PC9Tx","Post-treatment",107,0,0.000938646056880809,0.000937689561396837,0.000201328836549017,-0.37511920491552,2.83427558651173,-11.5129154649202,-9.21034037197618,-9.21034037197618,-9.21034037197618,-9.21034037197618,-9.21034037197618,1e-04,1e-04,1e-04,0.000955295455226518,-8.33912983122251,0.0247895448648975,0.246526807324327,FALSE,FALSE,FALSE,FALSE,FALSE,FALSE,"Not missing"
"AZ1ADC2|CH12043D_GP7_1_1_HE|1",28,"AZ1ADC2|CH12043D_GP7_1_1_HE|1","AZ1ADC2","AZTx","PC9",3,29.0515,4777.32828,5707.63498,4.83173,FALSE,TRUE,"PC9Tx","Post-treatment",39,0,0.00104895462311852,0.000988377723842859,0.000312500013849707,0.210039340933408,1.69843250928691,-0.810930216216329,-9.21034037197618,-9.21034037197618,-9.21034037197618,-9.21034037197618,-9.21034037197618,1e-04,1e-04,1e-04,0.000999467133645493,-6.20402825074212,1.95361959685136,1.56111519250316,FALSE,FALSE,FALSE,FALSE,FALSE,FALSE,"Not missing"
"AZ23ADC1|CH12043A_GP1_23_1_HE|1",29,"AZ23ADC1|CH12043A_GP1_23_1_HE|1","AZ23ADC1","AZTx","PC9",7,16.1612,5008.54751,5503.62601,9.57498,FALSE,TRUE,"PC9Tx","Post-treatment",95,0,0.00086458014250782,0.000938929209951311,0.00021129413117803,-0.811374529128702,2.68314019396697,-11.5129154649202,-9.21034037197618,-9.21034037197618,-9.21034037197618,-9.21034037197618,-9.21034037197618,1e-04,1e-04,1e-04,0.000912832487675847,-7.36878336036225,0.594258320924619,1.42880986720074,FALSE,FALSE,FALSE,FALSE,FALSE,FALSE,"Not missing"
"AZ23ADC2|CH12043C_GP5_23_1_HE|1",30,"AZ23ADC2|CH12043C_GP5_23_1_HE|1","AZ23ADC2","AZTx","PC9",NA,18.4485,4566.8505,5056.89386,11.91321,FALSE,TRUE,"PC9Tx","Post-treatment",NA,NA,NA,NA,NA,NA,NA,NA,NA,NA,NA,NA,NA,NA,NA,NA,NA,NA,NA,NA,TRUE,TRUE,FALSE,FALSE,FALSE,FALSE,"A"
"AZ3ADC1|CH12043B_GP3_3_1_HE|1",31,"AZ3ADC1|CH12043B_GP3_3_1_HE|1","AZ3ADC1","AZTx","PC9",5,17.7954,5265.93915,5774.39236,8.4433,FALSE,TRUE,"PC9Tx","Post-treatment",92,0,0.000825970607642692,0.00088011275511235,0.000279274687574865,-0.219060282086914,2.5264135521456,-3.09104245335832,-9.21034037197618,-9.21034037197618,-9.21034037197618,-9.21034037197618,-9.21034037197618,1e-04,1e-04,1e-04,0.000837382584467458,-7.88877024295327,0.149658071357352,0.299083112445059,FALSE,FALSE,FALSE,FALSE,FALSE,FALSE,"Not missing"
"AZ3ADC2|CH12043C_GP5_3_1_HE|1",32,"AZ3ADC2|CH12043C_GP5_3_1_HE|1","AZ3ADC2","AZTx","PC9",6,68.9123,4103.91031,5948.36102,9.97408,FALSE,TRUE,"PC9Tx","Post-treatment",77,0,0.000956780903869875,0.000902256171684712,0.00021135244816082,0.716329400285254,2.50112794544852,-2.47092040781326,-9.21034037197618,-9.21034037197618,-9.21034037197618,-9.21034037197618,-9.21034037197618,1e-04,1e-04,1e-04,0.000879795960196219,-6.5402424239063,2.44249176861672,1.33736407474771,FALSE,FALSE,FALSE,FALSE,FALSE,FALSE,"Not missing"
"AZ4ADC1|CH12043A_GP1_4_1_HE|1",33,"AZ4ADC1|CH12043A_GP1_4_1_HE|1","AZ4ADC1","AZTx","PC9",NA,23.6301,5541.17215,6068.28092,5.35068,FALSE,TRUE,"PC9Tx","Post-treatment",NA,NA,NA,NA,NA,NA,NA,NA,NA,NA,NA,NA,NA,NA,NA,NA,NA,NA,NA,NA,TRUE,TRUE,FALSE,FALSE,FALSE,FALSE,"A"
"AZ72ADC2|CH12043D_GP7_72_2_HE|1",34,"AZ72ADC2|CH12043D_GP7_72_2_HE|1","AZ72ADC2","AZTx","PC9",3,23.9159,5060.36622,5668.06067,4.69474,FALSE,TRUE,"PC9Tx","Post-treatment",41,0,0.00094816693894156,0.000978240626864135,0.000205322251350228,-0.284407586357396,2.12940530450343,-11.5129154649202,-9.21034037197618,-9.21034037197618,-9.21034037197618,-9.21034037197618,-9.21034037197618,1e-04,1e-04,1e-04,0.000964316808317395,-7.10508476887026,1.08233400066755,1.36205907341133,FALSE,FALSE,FALSE,FALSE,FALSE,FALSE,"Not missing"
"AZ74ADC2|CH12043C_GP5_74_2_HE|1",35,"AZ74ADC2|CH12043C_GP5_74_2_HE|1","AZ74ADC2","AZTx","PC9",7,24.6328,4076.7201,4695.86488,11.21091,FALSE,TRUE,"PC9Tx","Post-treatment",161,0,0.000839631422965134,0.0008231041720137,0.000154310147444278,1.71848429551349,10.2221037894248,-3.44041809481544,-9.21034037197618,-9.21034037197618,-9.21034037197618,-9.21034037197618,-9.21034037197618,1e-04,1e-04,1e-04,0.000823519937935778,-10.0227496395423,-0.509077455020333,-0.709676462190964,FALSE,FALSE,FALSE,FALSE,FALSE,FALSE,"Not missing"
"AZ81ADC3|CH12043E_GP9_81_2_HE|1",36,"AZ81ADC3|CH12043E_GP9_81_2_HE|1","AZ81ADC3","AZTx","PC9",NA,19.8372,4925.60923,5603.58019,7.76591,FALSE,TRUE,"PC9Tx","Post-treatment",NA,NA,NA,NA,NA,NA,NA,NA,NA,NA,NA,NA,NA,NA,NA,NA,NA,NA,NA,NA,TRUE,TRUE,FALSE,FALSE,FALSE,FALSE,"A"
"AZ83ADC3|CH12043E_GP9_83_1_HE|1",37,"AZ83ADC3|CH12043E_GP9_83_1_HE|1","AZ83ADC3","AZTx","PC9",7,14.4967,5163.55218,5670.08094,8.47632,FALSE,TRUE,"PC9Tx","Post-treatment",114,0,0.000687049985444581,0.000718395371222869,0.00016759336689995,-0.690647970929782,2.68486633789591,-11.5129154649202,-9.21034037197618,-9.21034037197618,-9.21034037197618,-9.21034037197618,-9.21034037197618,1e-04,1e-04,1e-04,0.000726766067862367,-7.13922412736024,1.02302308712821,1.8303497186082,FALSE,FALSE,FALSE,FALSE,FALSE,FALSE,"Not missing"
"AZ8ADC1|CH12043B_GP3_8_1_HE|1",38,"AZ8ADC1|CH12043B_GP3_8_1_HE|1","AZ8ADC1","AZTx","PC9",7,20.1869,5085.53442,5663.68239,12.15964,FALSE,TRUE,"PC9Tx","Post-treatment",133,0,0.000771267821222782,0.000833616650197655,0.000229497834594455,-0.90085774043007,3.07954389213995,-11.5129154649202,-9.21034037197618,-9.21034037197618,-9.21034037197618,-9.21034037197618,-9.21034037197618,1e-04,1e-04,1e-04,0.000819515780417712,-8.14865853342728,-0.0726370163506688,0.593147159459027,FALSE,FALSE,FALSE,FALSE,FALSE,FALSE,"Not missing"
"AZ8ADC2|CH12043D_GP7_8_2_HE|1",39,"AZ8ADC2|CH12043D_GP7_8_2_HE|1","AZ8ADC2","AZTx","PC9",9,18.3177,5522.36842,6118.79358,9.68835,FALSE,TRUE,"PC9Tx","Post-treatment",159,0,0.000613476330584278,0.000644245359580964,0.000235015945863113,-0.224212920007554,1.87387692486994,-11.5129154649202,-9.21034037197618,-9.21034037197618,-9.21034037197618,-9.21034037197618,-9.21034037197618,1e-04,1e-04,1e-04,0.00064021059755262,-6.09922654013169,1.93082305138785,2.26250755505019,FALSE,FALSE,FALSE,FALSE,FALSE,FALSE,"Not missing"
"AZ90ADC3|CH12043F_GP11_90_2_HE|1",40,"AZ90ADC3|CH12043F_GP11_90_2_HE|1","AZ90ADC3","AZTx","PC9",4,19.9459,4561.87805,5183.51515,6.99397,FALSE,TRUE,"PC9Tx","Post-treatment",47,0,0.00100281306646487,0.000933958392124623,0.000325985440596352,1.05611733804357,3.12564458044038,-1.74296930505862,-9.21034037197618,-9.21034037197618,-9.21034037197618,-9.21034037197618,-9.21034037197618,1e-04,1e-04,1e-04,0.0009062375341211,-6.38829049664878,2.19005719762853,1.01629643922702,FALSE,FALSE,FALSE,FALSE,FALSE,FALSE,"Not missing"
"AZ91ADC3|CH12043E_GP9_91_1_HE|1",41,"AZ91ADC3|CH12043E_GP9_91_1_HE|1","AZ91ADC3","AZTx","PC9",4,19.4434,6354.62337,7112.05269,8.37822,FALSE,TRUE,"PC9Tx","Post-treatment",135,0,0.00101117251734077,0.00101025158073753,0.000460161400193273,0.821536495936837,3.97987515105779,-1.43325134420766,-3.80666248977032,-3.80666248977032,-2.82583323675859,-2.82583323675859,-2.70805020110221,0.0666666666666667,0.0222222222222222,0.0592592592592593,0.000952127875099033,-7.80096920498981,0.129639477425226,-0.214079152565572,FALSE,FALSE,FALSE,FALSE,FALSE,FALSE,"Not missing"
"AZ92ADC3|CH12043E_GP9_92_1_HE|1",42,"AZ92ADC3|CH12043E_GP9_92_1_HE|1","AZ92ADC3","AZTx","PC9",8,0.6501,5650.55136,5676.24413,6.11022,FALSE,TRUE,"PC9Tx","Post-treatment",101,0,0.000913847893670128,0.000888715090695769,0.000233249668546016,0.689104407338927,3.12338597333808,-2.95491027903374,-9.21034037197618,-9.21034037197618,-9.21034037197618,-9.21034037197618,-9.21034037197618,1e-04,1e-04,1e-04,0.000868597715490993,-7.78128467171981,0.795296825860657,0.220191720710971,FALSE,FALSE,FALSE,FALSE,FALSE,FALSE,"Not missing"
"AZ93ADC3|CH12043F_GP11_93_1_HE|1",43,"AZ93ADC3|CH12043F_GP11_93_1_HE|1","AZ93ADC3","AZTx","PC9",7,48.2704,3439.73288,5357.31795,13.31037,FALSE,TRUE,"PC9Tx","Post-treatment",130,0,0.00108064762115156,0.00102800590684637,0.000301915819960391,0.277057983545424,2.15093759089578,-1.03798766685167,-9.21034037197618,-9.21034037197618,-9.21034037197618,-9.21034037197618,-9.21034037197618,1e-04,1e-04,1e-04,0.00106197358306244,-6.88126635721797,1.17249068789294,0.925266558241327,FALSE,FALSE,FALSE,FALSE,FALSE,FALSE,"Not missing"
"AZ98ADC3|CH12043F_GP11_98_1_HE|1",44,"AZ98ADC3|CH12043F_GP11_98_1_HE|1","AZ98ADC3","AZTx","PC9",4,54.7653,2688.26704,5199.65869,14.8194,FALSE,TRUE,"PC9Tx","Post-treatment",191,0,0.00110889349043789,0.00088751845760271,0.000625664028693523,0.681920042822336,2.2515003632184,-0.661894637055841,-2.76736677825863,-2.76736677825863,-1.64135551540241,-1.61468726832024,-1.58871178191698,0.204188481675393,0.06282722513089,0.198952879581152,0.000835820375223406,-5.34210316410164,2.6943017850466,1.44176023354885,FALSE,FALSE,FALSE,FALSE,FALSE,FALSE,"Not missing"
"CIMH17623|100509|1",45,"CIMH17623|100509|1","CIMH17623","Cam","KPC",NA,26.7378,5542.8331,6698.7223,105.2035,TRUE,FALSE,"KPC","Untreated",NA,NA,NA,NA,NA,NA,NA,NA,NA,NA,NA,NA,NA,NA,NA,NA,NA,NA,NA,NA,TRUE,TRUE,FALSE,FALSE,FALSE,FALSE,"A"
"CIMH17623|100509|2",46,"CIMH17623|100509|2","CIMH17623","Cam","KPC",6,23.1831,6108.2814,7034.6819,74.9813,TRUE,FALSE,"KPC","Untreated",593,0.0918836140888208,NA,NA,NA,NA,NA,NA,NA,NA,NA,NA,NA,NA,NA,NA,NA,NA,NA,NA,TRUE,FALSE,TRUE,FALSE,FALSE,FALSE,"B"
"CIMH17623|100510|1",47,"CIMH17623|100510|1","CIMH17623","Cam","KPC",12,68.901,3236.9261,6489.3479,64.3582,TRUE,FALSE,"KPC","Untreated",437,0.00228310502283105,0.00190524256189334,0.00193200004287064,0.000466824919465634,-0.331396800782969,2.37053284238223,1.87709319453601,-1.15995226926747,-1.10319945267502,-0.507779162917826,-0.496436886313891,-0.448721413274224,0.638443935926774,0.331807780320366,0.608695652173913,0.00194837187907391,-6.72665151597411,0.625970874737391,0.934815614433112,FALSE,FALSE,FALSE,FALSE,FALSE,FALSE,"Not missing"
"CIMH17623|100510|2",48,"CIMH17623|100510|2","CIMH17623","Cam","KPC",10,52.6291,4075.0128,6415.6507,85.3866,TRUE,FALSE,"KPC","Untreated",582,0.00342465753424658,0.00185537628450029,0.00188350002281367,0.000491426597265397,-0.143783456141258,2.49385075230624,1.72519870270972,-1.31022464238313,-1.29756624551121,-0.607568673854157,-0.595029324601422,-0.525828790358039,0.59106529209622,0.27319587628866,0.551546391752577,0.00187599054365088,-7.07131304921328,0.361183842795347,0.477882792088498,FALSE,FALSE,FALSE,FALSE,FALSE,FALSE,"Not missing"
"CIMH18510|100750|1",49,"CIMH18510|100750|1","CIMH18510","Cam","KPC",7,11.4358,5363.6521,5702.571,48.7491,TRUE,FALSE,"KPC","Untreated",590,0.00505902192242833,0.00120678813341251,0.00118400005158036,0.000274964454880911,0.901414274532028,6.70739392555882,-1.04068964093541,-4.43421238784445,-4.30068099521993,-3.67207233579756,-3.60753381465998,-3.38439026334577,0.0338983050847458,0.0135593220338983,0.0271186440677966,0.00118021326716393,-9.02794857796245,-0.357464893374697,-0.54313252480951,FALSE,FALSE,FALSE,FALSE,FALSE,FALSE,"Not missing"
"CIMH18510|100750|2",50,"CIMH18510|100750|2","CIMH18510","Cam","KPC",NA,17.629,5923.187,6444.3023,19.2098,TRUE,FALSE,"KPC","Untreated",NA,NA,NA,NA,NA,NA,NA,NA,NA,NA,NA,NA,NA,NA,NA,NA,NA,NA,NA,NA,TRUE,TRUE,FALSE,FALSE,FALSE,FALSE,"A"
"CIMH18510|100751|1",51,"CIMH18510|100751|1","CIMH18510","Cam","KPC",NA,22.4705,6012.3752,6746.8246,38.6573,TRUE,FALSE,"KPC","Untreated",NA,NA,NA,NA,NA,NA,NA,NA,NA,NA,NA,NA,NA,NA,NA,NA,NA,NA,NA,NA,TRUE,TRUE,FALSE,FALSE,FALSE,FALSE,"A"
"CIMH18510|100751|3",52,"CIMH18510|100751|3","CIMH18510","Cam","KPC",8,12.4947,5682.1558,6493.501,67.9953,TRUE,FALSE,"KPC","Untreated",603,0.00985221674876847,0.00134439137513296,0.00129899999592453,0.000311476286627947,1.70583257356511,7.76593756222436,-0.1562040686391,-3.45747821756075,-3.45747821756075,-2.84656913523777,-2.84656913523777,-2.71303774261325,0.066334991708126,0.0315091210613599,0.0580431177446103,0.00129644713962169,-8.74337967072975,-0.129458205719174,-0.527203501767011,FALSE,FALSE,FALSE,FALSE,FALSE,FALSE,"Not missing"
"CIMH18655|101130|1",53,"CIMH18655|101130|1","CIMH18655","Cam","KPC",2,13.8371,5488.1235,5845.9274,45.6039,TRUE,FALSE,"KPC","Untreated",439,0,0.00111948974323965,0.00105500000063,0.00036073395030693,1.36227138329514,6.16847723981956,-1.22082992139236,-4.13858926401986,-4.13858926401986,-3.14006043390873,-3.08876713952118,-2.90644558272723,0.0546697038724374,0.0159453302961276,0.0455580865603645,0.00104711957602757,-8.20386890849006,0.160372074559798,-0.35569101906954,FALSE,FALSE,FALSE,FALSE,FALSE,FALSE,"Not missing"
"CIMH18655|101130|2",54,"CIMH18655|101130|2","CIMH18655","Cam","KPC",5,14.3824,5481.9543,5911.1641,72.532,TRUE,FALSE,"KPC","Untreated",697,0,0.00114256814857926,0.00111299997661,0.000270855115221509,0.720746671350708,5.81600771252106,-1.07767907900164,-6.54678541076052,-6.54678541076052,-4.24420031776648,-4.14889013796215,-3.98183605329899,0.0186513629842181,0.00143472022955524,0.0157819225251076,0.00111890445887394,-8.34117557773938,0.0386812765667092,-0.177643856361311,FALSE,FALSE,FALSE,FALSE,FALSE,FALSE,"Not missing"
"CIMH18655|101131|1",55,"CIMH18655|101131|1","CIMH18655","Cam","KPC",10,14.0463,6562.4412,6998.918,61.0983,TRUE,FALSE,"KPC","Untreated",515,0,0.0010249339791187,0.00099400000181,0.000237902865766316,1.46315933248507,7.98146348960794,-2.32196137195718,-6.24416690066374,-6.24416690066374,-4.29825675160842,-4.29825675160842,-4.29825675160842,0.0135922330097087,0.00194174757281553,0.0135922330097087,0.000989493842003999,-8.95203026787591,-0.142806975143716,-0.484431342368641,FALSE,FALSE,FALSE,FALSE,FALSE,FALSE,"Not missing"
"CIMH18655|101131|2",56,"CIMH18655|101131|2","CIMH18655","Cam","KPC",8,12.3844,6280.6388,6747.9358,73.6199,TRUE,FALSE,"KPC","Untreated",682,0,0.00106219794491796,0.00102700002026,0.000252366900367027,1.62319079720107,10.5913431737519,-1.97642099031885,-5.42641736917535,-5.42641736917535,-4.44558811616363,-4.44558811616363,-4.22244456484942,0.0146627565982405,0.00439882697947214,0.0117302052785924,0.00102718584384399,-8.87403586403011,-0.148486198368916,-0.465013597070049,FALSE,FALSE,FALSE,FALSE,FALSE,FALSE,"Not missing"
"CIMH19028|101412|1",57,"CIMH19028|101412|1","CIMH19028","Cam","KPC",NA,14.0381,7386.4357,7903.5195,45.5993,TRUE,FALSE,"KPC","Untreated",NA,NA,NA,NA,NA,NA,NA,NA,NA,NA,NA,NA,NA,NA,NA,NA,NA,NA,NA,NA,TRUE,TRUE,FALSE,FALSE,FALSE,FALSE,"A"
"CIMH19028|101412|2",58,"CIMH19028|101412|2","CIMH19028","Cam","KPC",9,32.3439,6420.7407,7798.1651,69.7183,TRUE,FALSE,"KPC","Untreated",659,0,0.00110718967827257,0.00109200004953891,0.000191016887924801,0.670707941183559,4.154226171604,-1.8700523951778,-9.21034037197618,-9.21034037197618,-5.3921112458344,-5.10442917338262,-4.88128562206841,0.00758725341426404,1e-04,0.00606980273141123,0.00108750226524667,-8.79716461676233,-0.00675298188809944,-0.257136348098343,FALSE,FALSE,FALSE,FALSE,FALSE,FALSE,"Not missing"
"CIMH19028|101413|1",59,"CIMH19028|101413|1","CIMH19028","Cam","KPC",NA,29.6438,6153.9094,7488.9606,96.779,TRUE,FALSE,"KPC","Untreated",NA,NA,NA,NA,NA,NA,NA,NA,NA,NA,NA,NA,NA,NA,NA,NA,NA,NA,NA,NA,TRUE,TRUE,FALSE,FALSE,FALSE,FALSE,"A"
"CIMH19028|101413|2",60,"CIMH19028|101413|2","CIMH19028","Cam","KPC",NA,10.0694,8543.0426,8951.5882,52.4687,TRUE,FALSE,"KPC","Untreated",NA,NA,NA,NA,NA,NA,NA,NA,NA,NA,NA,NA,NA,NA,NA,NA,NA,NA,NA,NA,TRUE,TRUE,FALSE,FALSE,FALSE,FALSE,"A"
"CIMH19028|101415|1",61,"CIMH19028|101415|1","CIMH19028","Cam","KPC",NA,29.2548,7578.9125,8354.4305,38.3859,TRUE,FALSE,"KPC","Untreated",NA,NA,NA,NA,NA,NA,NA,NA,NA,NA,NA,NA,NA,NA,NA,NA,NA,NA,NA,NA,TRUE,TRUE,FALSE,FALSE,FALSE,FALSE,"A"
"CIMH19028|101415|2",62,"CIMH19028|101415|2","CIMH19028","Cam","KPC",NA,32.329,7952.1888,8919.8439,24.0856,TRUE,FALSE,"KPC","Untreated",NA,NA,NA,NA,NA,NA,NA,NA,NA,NA,NA,NA,NA,NA,NA,NA,NA,NA,NA,NA,TRUE,TRUE,FALSE,FALSE,FALSE,FALSE,"A"
"CIMH19028|101416|1",63,"CIMH19028|101416|1","CIMH19028","Cam","KPC",NA,31.4019,7812.8335,8739.17,68.5037,TRUE,FALSE,"KPC","Untreated",NA,NA,NA,NA,NA,NA,NA,NA,NA,NA,NA,NA,NA,NA,NA,NA,NA,NA,NA,NA,TRUE,TRUE,FALSE,FALSE,FALSE,FALSE,"A"
"CIMH19028|101416|2",64,"CIMH19028|101416|2","CIMH19028","Cam","KPC",NA,40.4027,7964.5958,9005.3681,68.4563,TRUE,FALSE,"KPC","Untreated",NA,NA,NA,NA,NA,NA,NA,NA,NA,NA,NA,NA,NA,NA,NA,NA,NA,NA,NA,NA,TRUE,TRUE,FALSE,FALSE,FALSE,FALSE,"A"
"CIMH19246|101284|1",65,"CIMH19246|101284|1","CIMH19246","Cam","KPC",NA,10.6368,6945.8284,7298.468,93.0839,TRUE,FALSE,"KPC","Untreated",NA,NA,NA,NA,NA,NA,NA,NA,NA,NA,NA,NA,NA,NA,NA,NA,NA,NA,NA,NA,TRUE,TRUE,FALSE,FALSE,FALSE,FALSE,"A"
"CIMH19246|101284|2",66,"CIMH19246|101284|2","CIMH19246","Cam","KPC",NA,7.2917,6983.0467,7219.3853,50.9246,TRUE,FALSE,"KPC","Untreated",NA,NA,NA,NA,NA,NA,NA,NA,NA,NA,NA,NA,NA,NA,NA,NA,NA,NA,NA,NA,TRUE,TRUE,FALSE,FALSE,FALSE,FALSE,"A"
"CIMH19246|101286|1",67,"CIMH19246|101286|1","CIMH19246","Cam","KPC",7,6.0372,7775.2075,8023.6352,76.683,TRUE,FALSE,"KPC","Untreated",789,0.00378787878787879,0.00107768187176537,0.00105700001586228,0.000272436795775793,1.628619572069,9.57211143841338,-1.9531723450971,-4.59132477916604,-4.59132477916604,-3.96271611974366,-3.89817759860609,-3.78039456294971,0.0228136882129278,0.0101394169835234,0.0202788339670469,0.00104922719080938,-8.9441290015323,-0.252390715710361,-0.521646427442938,FALSE,FALSE,FALSE,FALSE,FALSE,FALSE,"Not missing"
"CIMH19246|101286|2",68,"CIMH19246|101286|2","CIMH19246","Cam","KPC",NA,22.9135,7336.2508,8460.8087,23.751,TRUE,FALSE,"KPC","Untreated",NA,NA,NA,NA,NA,NA,NA,NA,NA,NA,NA,NA,NA,NA,NA,NA,NA,NA,NA,NA,TRUE,TRUE,FALSE,FALSE,FALSE,FALSE,"A"
"CIMH19246|101285|1",69,"CIMH19246|101285|1","CIMH19246","Cam","KPC",7,14.3397,7804.5159,8592.6616,21.9969,TRUE,FALSE,"KPC","Untreated",186,0,0.00129041397569811,0.00119999994058161,0.000370428651582105,0.851088349689676,4.45826228455859,-0.621403275701104,-3.6163087612791,-3.6163087612791,-2.28130769454676,-2.28130769454676,-2.18122423598978,0.112903225806452,0.0268817204301075,0.102150537634409,0.00119775572001151,-8.69354453281299,-0.200449799176467,-0.596507242552334,FALSE,FALSE,FALSE,FALSE,FALSE,FALSE,"Not missing"
"CIMH19246|101285|2",70,"CIMH19246|101285|2","CIMH19246","Cam","KPC",NA,27.7072,5594.9008,6547.1615,22.1868,TRUE,FALSE,"KPC","Untreated",NA,NA,NA,NA,NA,NA,NA,NA,NA,NA,NA,NA,NA,NA,NA,NA,NA,NA,NA,NA,TRUE,TRUE,FALSE,FALSE,FALSE,FALSE,"A"
"CIMH19246|101287|1",71,"CIMH19246|101287|1","CIMH19246","Cam","KPC",NA,15.6505,7419.5862,7906.2421,27.0597,TRUE,FALSE,"KPC","Untreated",NA,NA,NA,NA,NA,NA,NA,NA,NA,NA,NA,NA,NA,NA,NA,NA,NA,NA,NA,NA,TRUE,TRUE,FALSE,FALSE,FALSE,FALSE,"A"
"CIMH19246|101287|3",72,"CIMH19246|101287|3","CIMH19246","Cam","KPC",NA,56.0206,5240.41,9376.5594,40.9176,TRUE,FALSE,"KPC","Untreated",NA,NA,NA,NA,NA,NA,NA,NA,NA,NA,NA,NA,NA,NA,NA,NA,NA,NA,NA,NA,TRUE,TRUE,FALSE,FALSE,FALSE,FALSE,"A"
"CIMH56671|92600|1",73,"CIMH56671|92600|1","CIMH56671","Cam","K8484",NA,16.2292,5839.8565,6157.4755,20.3671,TRUE,FALSE,"K8484","Untreated",NA,NA,NA,NA,NA,NA,NA,NA,NA,NA,NA,NA,NA,NA,NA,NA,NA,NA,NA,NA,TRUE,TRUE,FALSE,FALSE,FALSE,FALSE,"A"
"CIMH56671|92600|2",74,"CIMH56671|92600|2","CIMH56671","Cam","K8484",6,43.9135,4545.4322,6223.3075,48.9701,TRUE,FALSE,"K8484","Untreated",571,0.00174825174825175,0.001514085810238,0.00147799996193,0.000588048196584225,0.206044728286681,1.90237686167579,0.278493646397375,-1.92854860185941,-1.81478971650275,-1.05408438493152,-1.03912151225481,-0.949226508138257,0.387040280210158,0.162872154115587,0.353765323992995,0.00142846596600553,-4.91710474626408,2.55062441332389,2.16614629807046,FALSE,FALSE,FALSE,FALSE,FALSE,FALSE,"Not missing"
"CIMH56671|92601|1",75,"CIMH56671|92601|1","CIMH56671","Cam","K8484",NA,45.2876,4222.6309,6028.6111,29.4458,TRUE,FALSE,"K8484","Untreated",NA,NA,NA,NA,NA,NA,NA,NA,NA,NA,NA,NA,NA,NA,NA,NA,NA,NA,NA,NA,TRUE,TRUE,FALSE,FALSE,FALSE,FALSE,"A"
"CIMH56671|92601|2",76,"CIMH56671|92601|2","CIMH56671","Cam","K8484",7,52.5041,4073.7964,6310.3011,52.9515,TRUE,FALSE,"K8484","Untreated",527,0,0.00143919544008624,0.00137700000778,0.000567698359220293,0.201513024040848,1.87536634192325,0.110168217225929,-2.20675753799494,-2.12406582214983,-1.15521276018482,-1.1314021114911,-1.06870351727554,0.343453510436433,0.119544592030361,0.32258064516129,0.00136582198601729,-5.09672086911332,2.38924822917688,2.04055811260297,FALSE,FALSE,FALSE,FALSE,FALSE,FALSE,"Not missing"
"CIMH56672|92598|1",77,"CIMH56672|92598|1","CIMH56672","Cam","K8484",NA,26.9954,5152.5823,5916.5615,29.0751,TRUE,FALSE,"K8484","Untreated",NA,NA,NA,NA,NA,NA,NA,NA,NA,NA,NA,NA,NA,NA,NA,NA,NA,NA,NA,NA,TRUE,TRUE,FALSE,FALSE,FALSE,FALSE,"A"
"CIMH56672|92598|2",78,"CIMH56672|92598|2","CIMH56672","Cam","K8484",3,51.5458,4047.2078,5338.1194,48.7728,TRUE,FALSE,"K8484","Untreated",576,0,0.00107249999973636,0.000986999948509,0.000319384888650554,1.3521462415074,5.73734585813598,-1.5243664002623,-5.66296048013595,-5.25749537202778,-3.31158522297247,-3.26506520733758,-3.09801112267441,0.0451388888888889,0.00520833333333333,0.0381944444444444,0.000996770682975437,-8.56869038748247,0.0377860514485134,-0.488744621066575,FALSE,FALSE,FALSE,FALSE,FALSE,FALSE,"Not missing"
"CIMH56672|92599|1",79,"CIMH56672|92599|1","CIMH56672","Cam","K8484",NA,22.915,5519.4161,5952.7154,38.7458,TRUE,FALSE,"K8484","Untreated",NA,NA,NA,NA,NA,NA,NA,NA,NA,NA,NA,NA,NA,NA,NA,NA,NA,NA,NA,NA,TRUE,TRUE,FALSE,FALSE,FALSE,FALSE,"A"
"CIMH56672|92599|2",80,"CIMH56672|92599|2","CIMH56672","Cam","K8484",5,22.3875,5063.7549,5763.2297,60.513,TRUE,FALSE,"K8484","Untreated",542,0,0.00110929151069066,0.0009790000040085,0.000380321305088292,1.07128031702104,3.27286435572053,-1.09369827386568,-5.19665371277154,-5.19665371277154,-2.63170435531,-2.58169393473534,-2.3832429960115,0.0922509225092251,0.00553505535055351,0.0756457564575646,0.00100366812216252,-6.60103096062266,1.77871826601428,0.668949033336077,FALSE,FALSE,FALSE,FALSE,FALSE,FALSE,"Not missing"
"CIMH61236|97551|1",81,"CIMH61236|97551|1","CIMH61236","Cam","K8484",4,60.8069,2702.3313,4814.3088,67.306,TRUE,FALSE,"K8484","Untreated",639,0,0.00132707511501146,0.0012309999438,0.000405980849290706,0.69193938659186,2.53522317172809,-0.383343191020894,-4.26267987704132,-3.894955096916,-1.78707561991563,-1.76855657214839,-1.67241271159549,0.187793427230047,0.0203442879499217,0.170579029733959,0.00122648791110338,-5.96718568852156,2.14321603601454,1.29302465019715,FALSE,FALSE,FALSE,FALSE,FALSE,FALSE,"Not missing"
"CIMH61236|97551|2",82,"CIMH61236|97551|2","CIMH61236","Cam","K8484",NA,37.5547,4266.9008,5046.0605,41.1437,TRUE,FALSE,"K8484","Untreated",NA,NA,NA,NA,NA,NA,NA,NA,NA,NA,NA,NA,NA,NA,NA,NA,NA,NA,NA,NA,TRUE,TRUE,FALSE,FALSE,FALSE,FALSE,"A"
"CIMH61236|97552|1",83,"CIMH61236|97552|1","CIMH61236","Cam","K8484",9,62.5296,2818.2912,4956.6106,79.9414,TRUE,FALSE,"K8484","Untreated",831,0,0.0016887593225976,0.00169299996924,0.000550264641427751,0.117422845462549,1.76104971438541,0.650129795476255,-1.47560572269496,-1.39475362606587,-0.811833150814921,-0.801051375211633,-0.743744029954326,0.475330926594465,0.247894103489771,0.448856799037304,NA,NA,NA,NA,TRUE,FALSE,FALSE,FALSE,TRUE,FALSE,"D"
"CIMH61236|97552|2",84,"CIMH61236|97552|2","CIMH61236","Cam","K8484",10,73.0277,2671.3385,4954.5061,71.2183,TRUE,FALSE,"K8484","Untreated",730,0,0.00157730958682864,0.001607000012885,0.000456470452922881,-0.0696321875566028,1.68508596866213,0.56823653097933,-2.56769284340729,-2.4499098077509,-0.930084054006491,-0.909464766803755,-0.843651548234183,0.43013698630137,0.0863013698630137,0.402739726027397,0.00159515497564967,-5.21207845515311,2.27275281029732,2.37952197568486,FALSE,FALSE,FALSE,FALSE,FALSE,FALSE,"Not missing"
"CIMH62439|92610|1",85,"CIMH62439|92610|1","CIMH62439","Cam","K8484",NA,32.5595,4747.8371,5579.5402,24.9969,TRUE,FALSE,"K8484","Untreated",NA,NA,NA,NA,NA,NA,NA,NA,NA,NA,NA,NA,NA,NA,NA,NA,NA,NA,NA,NA,TRUE,TRUE,FALSE,FALSE,FALSE,FALSE,"A"
"CIMH62439|92610|2",86,"CIMH62439|92610|2","CIMH62439","Cam","K8484",6,40.1245,4709.8921,5857.0452,16.5409,TRUE,FALSE,"K8484","Untreated",163,0,0.00109418404561433,0.00106699997559,0.000209776695930802,0.845797624781969,4.32053496067376,-1.91130461987784,-9.21034037197618,-9.21034037197618,-5.09375020080676,-5.09375020080676,-5.09375020080676,0.00613496932515337,1e-04,0.00613496932515337,0.0010656749944775,-8.82876540944871,-0.033257004749071,-0.351498638653193,FALSE,FALSE,FALSE,FALSE,FALSE,FALSE,"Not missing"
"CIMH62439|92611|1",87,"CIMH62439|92611|1","CIMH62439","Cam","K8484",NA,14.702,6255.549,6534.0396,30.062,TRUE,FALSE,"K8484","Untreated",NA,NA,NA,NA,NA,NA,NA,NA,NA,NA,NA,NA,NA,NA,NA,NA,NA,NA,NA,NA,TRUE,TRUE,FALSE,FALSE,FALSE,FALSE,"A"
"CIMH62439|92611|2",88,"CIMH62439|92611|2","CIMH62439","Cam","K8484",NA,18.1608,5454.0565,6293.8267,37.3337,TRUE,FALSE,"K8484","Untreated",NA,NA,NA,NA,NA,NA,NA,NA,NA,NA,NA,NA,NA,NA,NA,NA,NA,NA,NA,NA,TRUE,TRUE,FALSE,FALSE,FALSE,FALSE,"A"
"CIMH62443|92608|1",89,"CIMH62443|92608|1","CIMH62443","Cam","K8484",NA,8.6133,6232.9414,6354.2727,11.2517,TRUE,FALSE,"K8484","Untreated",NA,NA,NA,NA,NA,NA,NA,NA,NA,NA,NA,NA,NA,NA,NA,NA,NA,NA,NA,NA,TRUE,TRUE,FALSE,FALSE,FALSE,FALSE,"A"
"CIMH62443|92608|2",90,"CIMH62443|92608|2","CIMH62443","Cam","K8484",8,10.9672,5648.3674,5897.0488,15.96,TRUE,FALSE,"K8484","Untreated",230,0.00432900432900433,0.00121425651874312,0.0011229999945499,0.000415254024079513,1.73273153081473,6.35101981936726,-1.28093384546206,-3.24085473158698,-3.24085473158698,-2.39355687119977,-2.39355687119977,-2.14224244291887,0.117391304347826,0.0391304347826087,0.0913043478260869,0.00110900729441589,-8.89518332903454,-0.212155980933275,-0.759008105579646,FALSE,FALSE,FALSE,FALSE,FALSE,FALSE,"Not missing"
"CIMH62443|92609|1",91,"CIMH62443|92609|1","CIMH62443","Cam","K8484",3,34.1297,4964.2708,5874.1537,39.1332,TRUE,FALSE,"K8484","Untreated",398,0.0148514851485149,0.00142815577474094,0.00118449999718,0.000668525905124706,0.568880890065821,2.18829003018246,-0.232193386834128,-1.70978588626838,-1.66896389174813,-1.22427807048668,-1.20732851217291,-1.12663960092277,0.324120603015075,0.188442211055276,0.298994974874372,0.0012663450276264,-5.16131554410465,2.41624463360351,1.64564671143867,FALSE,FALSE,FALSE,FALSE,FALSE,FALSE,"Not missing"
"CIMH62443|92609|2",92,"CIMH62443|92609|2","CIMH62443","Cam","K8484",NA,22.256,4930.234,5295.6102,25.7633,TRUE,FALSE,"K8484","Untreated",NA,NA,NA,NA,NA,NA,NA,NA,NA,NA,NA,NA,NA,NA,NA,NA,NA,NA,NA,NA,TRUE,TRUE,FALSE,FALSE,FALSE,FALSE,"A"
"CIMH69437|95401|1",93,"CIMH69437|95401|1","CIMH69437","Cam","K8484",6,37.6001,4311.7845,5819.5483,61.6574,TRUE,FALSE,"K8484","Untreated",689,0.00289435600578871,0.0015753396186594,0.00139899994247,0.00052097074433669,0.756991382384534,2.47323160027651,0.372912505070416,-1.75611777790213,-1.66770682055808,-1.22697357361245,-1.21223129187525,-1.16926525599181,0.310595065312046,0.188679245283019,0.297532656023222,0.00141891897187057,-5.13149475610398,2.85507690136028,1.84123557922716,FALSE,FALSE,FALSE,FALSE,FALSE,FALSE,"Not missing"
"CIMH69437|95401|2",94,"CIMH69437|95401|2","CIMH69437","Cam","K8484",NA,47.7813,4085.5328,5653.6503,44.0116,TRUE,FALSE,"K8484","Untreated",NA,NA,NA,NA,NA,NA,NA,NA,NA,NA,NA,NA,NA,NA,NA,NA,NA,NA,NA,NA,TRUE,TRUE,FALSE,FALSE,FALSE,FALSE,"A"
"CIMH69437|95401|3",95,"CIMH69437|95401|3","CIMH69437","Cam","K8484",NA,71.1008,3193.6087,4841.2286,15.9305,TRUE,FALSE,"K8484","Untreated",NA,NA,NA,NA,NA,NA,NA,NA,NA,NA,NA,NA,NA,NA,NA,NA,NA,NA,NA,NA,TRUE,TRUE,FALSE,FALSE,FALSE,FALSE,"A"
"CIMH69437|95402|1",96,"CIMH69437|95402|1","CIMH69437","Cam","K8484",NA,59.5818,3317.1202,4780.0355,35.9233,TRUE,FALSE,"K8484","Untreated",NA,NA,NA,NA,NA,NA,NA,NA,NA,NA,NA,NA,NA,NA,NA,NA,NA,NA,NA,NA,TRUE,TRUE,FALSE,FALSE,FALSE,FALSE,"A"
"CIMH69437|95402|2",97,"CIMH69437|95402|2","CIMH69437","Cam","K8484",9,61.0606,2979.7127,5421.1759,51.8496,TRUE,FALSE,"K8484","Untreated",593,0,0.0013779342284663,0.00115799997002,0.000513461472558253,0.886589507157348,2.69075861018016,-0.364871711142911,-2.25806001395263,-2.18050177960676,-1.4799196205593,-1.47253951326167,-1.38124809305227,0.251264755480607,0.112984822934233,0.229342327150084,0.00121391891544783,-5.69947876262113,2.40076441541525,1.26188328663537,FALSE,FALSE,FALSE,FALSE,FALSE,FALSE,"Not missing"
"CIMH69440|95399|1",98,"CIMH69440|95399|1","CIMH69440","Cam","K8484",7,23.7122,4906.2247,5725.9099,58.3459,TRUE,FALSE,"K8484","Untreated",600,0,0.00114647499858014,0.001056500012055,0.000348879653681747,1.41332672849373,5.01731700530581,-1.25598012944714,-3.99903438241778,-3.99903438241778,-2.7333680090865,-2.7333680090865,-2.63572953952258,0.0716666666666667,0.0183333333333333,0.065,0.0010559456802895,-8.26737766865822,0.289958360904297,-0.414873967386491,FALSE,FALSE,FALSE,FALSE,FALSE,FALSE,"Not missing"
"CIMH69440|95399|2",99,"CIMH69440|95399|2","CIMH69440","Cam","K8484",9,58.839,2775.856,4976.4292,37.9613,TRUE,FALSE,"K8484","Untreated",690,0,0.00121307825986845,0.00107650004793,0.000391291081843538,1.19196707127531,3.47358381001875,-0.989481553245153,-4.0517849478033,-3.64631983969514,-2.0823443013378,-2.03688192726104,-2.00409210443805,0.134782608695652,0.0260869565217391,0.130434782608696,0.00110501114907031,-6.0852201768762,2.32340368486385,1.08363036003231,FALSE,FALSE,FALSE,FALSE,FALSE,FALSE,"Not missing"
"CIMH69440|95400|1",100,"CIMH69440|95400|1","CIMH69440","Cam","K8484",10,59.0178,2872.656,4349.3932,58.5585,TRUE,FALSE,"K8484","Untreated",735,0,0.00134559455565282,0.0012080000015,0.000455381408203462,0.558832394205883,2.16826212711952,-0.32668423025505,-3.26766598903763,-2.98895258656861,-1.56291789679921,-1.53727546618587,-1.46407206216257,0.231292517006803,0.0503401360544218,0.214965986394558,0.00124675617069578,-5.59448076613572,2.32709786625156,1.61114972166592,FALSE,FALSE,FALSE,FALSE,FALSE,FALSE,"Not missing"
"CIMH69440|95400|3",101,"CIMH69440|95400|3","CIMH69440","Cam","K8484",NA,25.5075,4632.0684,4906.3319,31.2888,TRUE,FALSE,"K8484","Untreated",NA,NA,NA,NA,NA,NA,NA,NA,NA,NA,NA,NA,NA,NA,NA,NA,NA,NA,NA,NA,TRUE,TRUE,FALSE,FALSE,FALSE,FALSE,"A"
"CIMH69445|95474|1",102,"CIMH69445|95474|1","CIMH69445","Cam","K8484",NA,18.5775,5538.1699,6154.4886,55.6151,TRUE,FALSE,"K8484","Untreated",NA,NA,NA,NA,NA,NA,NA,NA,NA,NA,NA,NA,NA,NA,NA,NA,NA,NA,NA,NA,TRUE,TRUE,FALSE,FALSE,FALSE,FALSE,"A"
"CIMH69445|95474|2",103,"CIMH69445|95474|2","CIMH69445","Cam","K8484",3,40.1242,4437.0824,5749.2167,29.3157,TRUE,FALSE,"K8484","Untreated",245,0,0.00117825713966127,0.00114399997983,0.000319724041617991,0.556927415838492,3.19670840849535,-0.799165374636742,-5.50125821054473,-5.50125821054473,-3.55534806148941,-3.55534806148941,-3.10336293774636,0.0448979591836735,0.00408163265306123,0.0285714285714286,0.00113782524124795,-7.82920075717826,0.35771101262139,0.0143703923430498,FALSE,FALSE,FALSE,FALSE,FALSE,FALSE,"Not missing"
"CIMH69445|95475|1",104,"CIMH69445|95475|1","CIMH69445","Cam","K8484",NA,49.8622,4457.7669,6039.2608,36.9286,TRUE,FALSE,"K8484","Untreated",NA,NA,NA,NA,NA,NA,NA,NA,NA,NA,NA,NA,NA,NA,NA,NA,NA,NA,NA,NA,TRUE,TRUE,FALSE,FALSE,FALSE,FALSE,"A"
"CIMH69445|95475|2",105,"CIMH69445|95475|2","CIMH69445","Cam","K8484",9,42.6291,4357.2628,5832.3013,45.9259,TRUE,FALSE,"K8484","Untreated",409,0,0.00119981906532753,0.00105099997018,0.000409716174249927,1.06608753767471,3.60664965883008,-0.752423790489486,-3.81649057870658,-3.81649057870658,-2.32483570192887,-2.27604553775943,-2.10169215061466,0.122249388753056,0.0220048899755501,0.102689486552567,0.00106764072222777,-6.90258918136314,1.45074519418093,0.351788566840743,FALSE,FALSE,FALSE,FALSE,FALSE,FALSE,"Not missing"
"CIMH69457|95397|1",106,"CIMH69457|95397|1","CIMH69457","Cam","K8484",5,33.963,4925.9061,6219.124,69.4104,TRUE,FALSE,"K8484","Untreated",707,0.0125698324022346,0.00132971286865568,0.00101000000723,0.000669222007149368,1.02764724014848,2.6894363955497,-0.628066507064286,-1.75700962116332,-1.71684357943798,-1.42523222884631,-1.41936710939391,-1.36807381500636,0.254596888260255,0.17963224893918,0.241867043847242,0.00106626093970532,-5.74143508255349,2.40589365580819,0.929513386588946,FALSE,FALSE,FALSE,FALSE,FALSE,FALSE,"Not missing"
"CIMH69457|95397|2",107,"CIMH69457|95397|2","CIMH69457","Cam","K8484",3,29.3226,4562.9393,5497.2561,51.2187,TRUE,FALSE,"K8484","Untreated",563,0,0.00120497335449067,0.00114399997983,0.00034451837019462,0.742200576868316,2.87258564713555,-0.796219365699759,-5.23466733947158,-5.23466733947158,-2.6956934684133,-2.61970756143538,-2.36298771458757,0.0941385435168739,0.00532859680284192,0.0728241563055062,0.00112300849301313,-6.68807137696541,1.56919644439046,0.758295814238766,FALSE,FALSE,FALSE,FALSE,FALSE,FALSE,"Not missing"
"CIMH69457|95398|1",108,"CIMH69457|95398|1","CIMH69457","Cam","K8484",NA,20.729,5340.931,5950.839,78.6945,TRUE,FALSE,"K8484","Untreated",NA,NA,NA,NA,NA,NA,NA,NA,NA,NA,NA,NA,NA,NA,NA,NA,NA,NA,NA,NA,TRUE,TRUE,FALSE,FALSE,FALSE,FALSE,"A"
"CIMH69457|95398|2",109,"CIMH69457|95398|2","CIMH69457","Cam","K8484",NA,10.4322,5918.3358,6090.6446,39.8441,TRUE,FALSE,"K8484","Untreated",NA,NA,NA,NA,NA,NA,NA,NA,NA,NA,NA,NA,NA,NA,NA,NA,NA,NA,NA,NA,TRUE,TRUE,FALSE,FALSE,FALSE,FALSE,"A"
"IN013M_11|19212|1",110,"IN013M_11|19212|1","IN013M_11","INSERM","013Msc",NA,47.7659,7901.2749,11066.24,102.10859,TRUE,FALSE,"013Msc","Untreated",NA,NA,NA,NA,NA,NA,NA,NA,NA,NA,NA,NA,NA,NA,NA,NA,NA,NA,NA,NA,TRUE,TRUE,FALSE,FALSE,FALSE,FALSE,"A"
"IN013M_12|19213|1",111,"IN013M_12|19213|1","IN013M_12","INSERM","013Msc",3,64.7699,6400.5736,10213.5166,50.92245,TRUE,FALSE,"013Msc","Untreated",538,0,0.000648351356652859,0.000579029991058633,0.000272043665325001,1.82685474290095,6.78747222528993,-3.02140002030257,-9.21034037197618,-9.21034037197618,-9.21034037197618,-9.21034037197618,-5.18924627149367,0.00557620817843866,1e-04,1e-04,0.000574234001591056,-8.58237547775449,0.338450501721135,-0.460056768091377,FALSE,FALSE,FALSE,FALSE,FALSE,FALSE,"Not missing"
"IN013M_14|19214|1",112,"IN013M_14|19214|1","IN013M_14","INSERM","013Msc",3,55.9882,8168.5162,10686.8689,39.76121,TRUE,FALSE,"013Msc","Untreated",474,0,0.000611910084287051,0.000516245025210083,0.000243934735923368,1.49327828734142,4.5277212402563,-4.20041910861358,-9.21034037197618,-9.21034037197618,-9.21034037197618,-9.21034037197618,-9.21034037197618,1e-04,1e-04,1e-04,0.000530875647677927,-7.28887734129596,1.84809653099595,0.372318207914459,FALSE,FALSE,FALSE,FALSE,FALSE,FALSE,"Not missing"
"IN013M_15|18887|1",113,"IN013M_15|18887|1","IN013M_15","INSERM","013Msc",NA,30.1178,8170.6279,9044.8974,77.1402,TRUE,FALSE,"013Msc","Untreated",NA,NA,NA,NA,NA,NA,NA,NA,NA,NA,NA,NA,NA,NA,NA,NA,NA,NA,NA,NA,TRUE,TRUE,FALSE,FALSE,FALSE,FALSE,"A"
"IN013M_17|18888|1",114,"IN013M_17|18888|1","IN013M_17","INSERM","013Msc",2,37.8054,8115.4713,9685.6235,75.93962,TRUE,FALSE,"013Msc","Untreated",654,0,0.000595577767856465,0.00052479500300251,0.000221019529844,1.82270160771783,6.26223745795618,-4.27202573945955,-9.21034037197618,-9.21034037197618,-9.21034037197618,-9.21034037197618,-9.21034037197618,1e-04,1e-04,1e-04,0.000526493035853318,-8.96733467869793,0.342063863025338,-0.566156523017973,FALSE,FALSE,FALSE,FALSE,FALSE,FALSE,"Not missing"
"IN013M_18|19215|1",115,"IN013M_18|19215|1","IN013M_18","INSERM","013Msc",2,65.478,4433.9173,11006.9233,45.7479,TRUE,FALSE,"013Msc","Untreated",297,0,0.000604485084090275,0.0005955999949947,0.00011394195100937,0.951910091976191,5.15418725135566,-11.5129154649202,-9.21034037197618,-9.21034037197618,-9.21034037197618,-9.21034037197618,-9.21034037197618,1e-04,1e-04,1e-04,0.000593513836811308,-9.56039725892462,-0.147219660571128,-0.39423723975228,FALSE,FALSE,FALSE,FALSE,FALSE,FALSE,"Not missing"
"IN013M_2|18881|1",116,"IN013M_2|18881|1","IN013M_2","INSERM","013Msc",3,36.8788,8149.9064,9401.0527,42.69981,TRUE,FALSE,"013Msc","Untreated",415,0,0.000784450988649918,0.000737980008125305,0.00022414079009115,3.21223906573382,17.6589370908644,-3.60351960516278,-6.0282785202307,-6.0282785202307,-4.23651905100264,-4.23651905100264,-4.23651905100264,0.0144578313253012,0.00240963855421687,0.0144578313253012,0.00073550506957659,-9.29880069242908,0.00436625112747634,-0.657056151228578,FALSE,FALSE,FALSE,FALSE,FALSE,FALSE,"Not missing"
"IN013M_20|19217|1",117,"IN013M_20|19217|1","IN013M_20","INSERM","013Msc",2,49.8368,6519.5024,10057.1798,38.21048,TRUE,FALSE,"013Msc","Untreated",268,0,0.000596331677455177,0.000592575001064688,8.03329546654921e-05,0.350284768225721,3.12309864572618,-11.5129154649202,-9.21034037197618,-9.21034037197618,-9.21034037197618,-9.21034037197618,-9.21034037197618,1e-04,1e-04,1e-04,0.000591109098137074,-9.58678323624462,-0.0152368112243014,-0.175058585148844,FALSE,FALSE,FALSE,FALSE,FALSE,FALSE,"Not missing"
"IN013M_21|19218|1",118,"IN013M_21|19218|1","IN013M_21","INSERM","013Msc",1,57.7733,6551.3712,11393.2214,44.94658,TRUE,FALSE,"013Msc","Untreated",299,0,0.000430799063626462,0.000400249991798773,0.000140206303693813,1.40423012062968,5.67021422584857,-11.5129154649202,-9.21034037197618,-9.21034037197618,-9.21034037197618,-9.21034037197618,-9.21034037197618,1e-04,1e-04,1e-04,0.0003999861584181,-9.4285106443094,0.00510188374247988,-0.503150830081098,FALSE,FALSE,FALSE,FALSE,FALSE,FALSE,"Not missing"
"IN013M_24|18889|1",119,"IN013M_24|18889|1","IN013M_24","INSERM","013Msc",2,21.3632,8193.3913,8990.605,46.73852,TRUE,FALSE,"013Msc","Untreated",251,0,0.000506405179102189,0.00047120000817813,0.000147760107475011,2.11991677497086,9.06185930256636,-11.5129154649202,-9.21034037197618,-9.21034037197618,-9.21034037197618,-9.21034037197618,-9.21034037197618,1e-04,1e-04,1e-04,0.000471603024859234,-9.67199852622745,-0.057131893177738,-0.646868194288666,FALSE,FALSE,FALSE,FALSE,FALSE,FALSE,"Not missing"
"IN013M_25|19220|1",120,"IN013M_25|19220|1","IN013M_25","INSERM","013Msc",3,54.6307,7447.1889,10773.8533,87.01599,TRUE,FALSE,"013Msc","Untreated",455,0,0.000654541626943603,0.000631190021522343,0.000166947661226962,1.41216973016482,7.16738027200656,-5.01506989116412,-9.21034037197618,-9.21034037197618,-9.21034037197618,-9.21034037197618,-9.21034037197618,1e-04,1e-04,1e-04,0.000623052950899694,-8.82135214810755,0.242828847046251,-0.262165683875925,FALSE,FALSE,FALSE,FALSE,FALSE,FALSE,"Not missing"
"IN013M_30|18890|1",121,"IN013M_30|18890|1","IN013M_30","INSERM","013Msc",1,20.0107,8589.3958,9317.9911,51.86498,TRUE,FALSE,"013Msc","Untreated",475,0,0.000418987557916951,0.000413000001572073,8.38244765652051e-05,1.6719353751151,10.5428578955183,-11.5129154649202,-9.21034037197618,-9.21034037197618,-9.21034037197618,-9.21034037197618,-9.21034037197618,1e-04,1e-04,1e-04,0.000410875580400882,-10.1127847152702,-0.26182379098098,-0.508641688542826,FALSE,FALSE,FALSE,FALSE,FALSE,FALSE,"Not missing"
"IN013M_43|20699|2",122,"IN013M_43|20699|2","IN013M_43","INSERM","013Msc",2,40.6638,8578.4933,10304.4248,31.60531,TRUE,FALSE,"013Msc","Untreated",272,0,0.000750529671623714,0.000722734985174611,0.000186008013979091,0.814252669852276,3.64113112614575,-4.49609909093373,-9.21034037197618,-9.21034037197618,-9.21034037197618,-9.21034037197618,-9.21034037197618,1e-04,1e-04,1e-04,0.000717612399051141,-8.41055156145226,0.431730842504281,-0.0640908607863958,FALSE,FALSE,FALSE,FALSE,FALSE,FALSE,"Not missing"
"IN013M_48|20701|1",123,"IN013M_48|20701|1","IN013M_48","INSERM","013Msc",NA,44.3649,7997.6169,9683.3788,71.57323,TRUE,FALSE,"013Msc","Untreated",NA,NA,NA,NA,NA,NA,NA,NA,NA,NA,NA,NA,NA,NA,NA,NA,NA,NA,NA,NA,TRUE,TRUE,FALSE,FALSE,FALSE,FALSE,"A"
"IN013M_52|20703|1",124,"IN013M_52|20703|1","IN013M_52","INSERM","013Msc",3,39.8312,7569.7071,8775.6147,68.71577,TRUE,FALSE,"013Msc","Untreated",677,0,0.000832002215110457,0.000743119977414608,0.000301185061858379,1.67230151531145,6.04392700173211,-2.38666821020459,-6.51767127291227,-6.51767127291227,-4.32044669557606,-4.32044669557606,-4.1197760001139,0.0162481536189069,0.00147710487444609,0.0132939438700148,0.000747023519279806,-8.71188604383148,0.157956350608924,-0.567088474150262,FALSE,FALSE,FALSE,FALSE,FALSE,FALSE,"Not missing"
"IN013M_8|19210|2",125,"IN013M_8|19210|2","IN013M_8","INSERM","013Msc",NA,NA,7870.4448,NA,32.16451,TRUE,FALSE,"013Msc","Untreated",NA,NA,NA,NA,NA,NA,NA,NA,NA,NA,NA,NA,NA,NA,NA,NA,NA,NA,NA,NA,TRUE,TRUE,FALSE,FALSE,FALSE,TRUE,"A+E"
"IN013Mortho_01|26543|1",126,"IN013Mortho_01|26543|1","IN013Mortho_01","INSERM","013Mortho",1,57.722,6724.1822,9498.6605,52.21638,TRUE,FALSE,"013Mortho","Untreated",434,0,0.00065468705010741,0.000604505010414869,0.000237654114926617,1.12315959782601,4.60495480688502,-4.11087386417331,-9.21034037197618,-9.21034037197618,-9.21034037197618,-9.21034037197618,-9.21034037197618,1e-04,1e-04,1e-04,0.000606645500562486,-8.43889681554778,0.288215676319053,-0.258714245114904,FALSE,FALSE,FALSE,FALSE,FALSE,FALSE,"Not missing"
"IN013Mortho_07|26546|1",127,"IN013Mortho_07|26546|1","IN013Mortho_07","INSERM","013Mortho",4,44.6451,5853.2661,9257.6208,32.68898,TRUE,FALSE,"013Mortho","Untreated",281,0,0.000505514946541238,0.000470930011942983,0.000168203982287856,0.934334776698567,4.08760030758024,-11.5129154649202,-9.21034037197618,-9.21034037197618,-9.21034037197618,-9.21034037197618,-9.21034037197618,1e-04,1e-04,1e-04,0.000477993889233777,-9.02609182869228,0.0291897855162832,-0.36036929917262,FALSE,FALSE,FALSE,FALSE,FALSE,FALSE,"Not missing"
"IN013Mortho_09|26120|1",128,"IN013Mortho_09|26120|1","IN013Mortho_09","INSERM","013Mortho",3,43.0868,7671.7748,10013.5326,129.76121,TRUE,FALSE,"013Mortho","Untreated",956,0,0.000639275136053884,0.00058128999080509,0.000223114416620009,1.64910494169426,6.63969760960833,-3.8458832029236,-9.21034037197618,-9.21034037197618,-9.21034037197618,-9.21034037197618,-9.21034037197618,1e-04,1e-04,1e-04,0.000583214943078793,-8.9596289734592,0.0945013348170458,-0.519426936778695,FALSE,FALSE,FALSE,FALSE,FALSE,FALSE,"Not missing"
"IN013Mortho_10|26121|2",129,"IN013Mortho_10|26121|2","IN013Mortho_10","INSERM","013Mortho",4,29.4615,8078.3562,9886.4485,39.44316,TRUE,FALSE,"013Mortho","Untreated",427,0,0.000879793089714427,0.000858900020830333,0.000350343824493575,0.429864317826058,2.40675569827707,-1.83054549426321,-9.21034037197618,-9.21034037197618,-5.36363683266868,-5.36363683266868,-4.67048965210873,0.00936768149882904,1e-04,0.00468384074941452,0.000824695700830885,-6.58745433825204,1.4489165799273,0.948072693692738,FALSE,FALSE,FALSE,FALSE,FALSE,FALSE,"Not missing"
"IN013Mortho_12|29159|1",130,"IN013Mortho_12|29159|1","IN013Mortho_12","INSERM","013Mortho",6,24.1793,6566.7891,7436.3677,116.07074,TRUE,FALSE,"013Mortho","Untreated",1131,0,0.000624077656873684,0.000586849986575544,0.00019046252861154,1.41503763600505,6.16309829966928,-4.94431741305861,-9.21034037197618,-9.21034037197618,-9.21034037197618,-9.21034037197618,-9.21034037197618,1e-04,1e-04,1e-04,0.000587028119152986,-8.98284116023737,0.0651803478535763,-0.429057787501171,FALSE,FALSE,FALSE,FALSE,FALSE,FALSE,"Not missing"
"IN013Mortho_13|29139|1",131,"IN013Mortho_13|29139|1","IN013Mortho_13","INSERM","013Mortho",7,42.7977,6825.1954,8363.9733,60.9544,TRUE,FALSE,"013Mortho","Untreated",677,0,0.000690652215912229,0.000641030026599765,0.000261855868138007,0.911179526225579,4.01786070297448,-3.60035177660634,-9.21034037197618,-9.21034037197618,-9.21034037197618,-9.21034037197618,-9.21034037197618,1e-04,1e-04,1e-04,0.000642098530384867,-8.77040253052398,-0.077832746519578,-0.462383883614535,FALSE,FALSE,FALSE,FALSE,FALSE,FALSE,"Not missing"
"IN013Mortho_23|29161|1",132,"IN013Mortho_23|29161|1","IN013Mortho_23","INSERM","013Mortho",4,36.2618,7246.8266,8305.1103,49.91059,TRUE,FALSE,"013Mortho","Untreated",537,0,0.000624244321046941,0.000582119973842055,0.000237842093838567,1.33849877775032,5.69286330847408,-4.07187170637004,-9.21034037197618,-9.21034037197618,-9.21034037197618,-9.21034037197618,-6.28599809450886,0.00186219739292365,1e-04,1e-04,0.000578743139894611,-8.98098031598498,-0.0941863673551446,-0.528171692278959,FALSE,FALSE,FALSE,FALSE,FALSE,FALSE,"Not missing"
"IN013Mortho_30|29059|3",133,"IN013Mortho_30|29059|3","IN013Mortho_30","INSERM","013Mortho",4,53.6088,6166.7578,8990.8421,60.12977,TRUE,FALSE,"013Mortho","Untreated",509,0,0.000833744105448615,0.000768040015827864,0.000310420414173226,1.04322827372712,4.17203908405042,-2.48917104857446,-9.21034037197618,-9.21034037197618,-5.13383572788241,-4.84615365543063,-4.28653786749521,0.0137524557956778,1e-04,0.00785854616895874,0.00077212231967742,-8.19005000046373,0.261832345637877,-0.265535760084879,FALSE,FALSE,FALSE,FALSE,FALSE,FALSE,"Not missing"
"IN013Mortho_35|29085|1",134,"IN013Mortho_35|29085|1","IN013Mortho_35","INSERM","013Mortho",1,38.0125,7289.9421,8462.681,73.3356,TRUE,FALSE,"013Mortho","Untreated",682,0,0.000699344693272219,0.000561415014090016,0.00036987435987757,1.73364079966593,5.50993111302498,-2.30258509299405,-5.83188247728352,-5.83188247728352,-4.22244456484942,-4.04012300805546,-3.81697945674125,0.0219941348973607,0.00293255131964809,0.0175953079178886,0.000567969344934664,-8.87120797498314,0.115402238455166,-0.742780504164559,FALSE,FALSE,FALSE,FALSE,FALSE,FALSE,"Not missing"
"INcetux1_35|19843|1",135,"INcetux1_35|19843|1","INcetux1_35","INSERM","cetux1",3,13.428,9569.3032,10251.1469,51.30877,TRUE,FALSE,"cetux1","Untreated",474,0,0.000364855252725651,0.000357005003024824,0.000101057236778112,0.397252565617319,3.75575504840386,-11.5129154649202,-9.21034037197618,-9.21034037197618,-9.21034037197618,-9.21034037197618,-9.21034037197618,1e-04,1e-04,1e-04,0.000358854063553934,-9.37578137459538,-0.0364385102330759,-0.18044562392415,FALSE,FALSE,FALSE,FALSE,FALSE,FALSE,"Not missing"
"INcetux1_37|19844|1",136,"INcetux1_37|19844|1","INcetux1_37","INSERM","cetux1",3,19.6971,9645.6393,10506.2488,52.07004,TRUE,FALSE,"cetux1","Untreated",568,0,0.000406915440359792,0.000397074996726587,0.000102720082930703,0.582845488935509,3.9815158651168,-11.5129154649202,-9.21034037197618,-9.21034037197618,-9.21034037197618,-9.21034037197618,-9.21034037197618,1e-04,1e-04,1e-04,0.000398003261903924,-9.39200008202942,-0.0151404818063372,-0.227774140309215,FALSE,FALSE,FALSE,FALSE,FALSE,FALSE,"Not missing"
"INcetux1_46|19846|1",137,"INcetux1_46|19846|1","INcetux1_46","INSERM","cetux1",3,27.8961,8955.8732,9895.5412,55.61819,TRUE,FALSE,"cetux1","Untreated",498,0,0.000857392049160315,0.000845375005155802,0.000158359497102589,1.28347492510872,7.85234119103408,-4.25053397873921,-9.21034037197618,-9.21034037197618,-9.21034037197618,-9.21034037197618,-6.21060007702465,0.00200803212851406,1e-04,1e-04,0.000843293898417092,-9.31286157815679,-0.193610529361997,-0.428011795405471,FALSE,FALSE,FALSE,FALSE,FALSE,FALSE,"Not missing"
"INcetux1_49|19847|1",138,"INcetux1_49|19847|1","INcetux1_49","INSERM","cetux1",3,16.4263,10931.8131,11912.8702,52.38738,TRUE,FALSE,"cetux1","Untreated",397,0,0.00050381539054907,0.000503970019053668,9.23618261769233e-05,0.226487133524523,3.27398732752626,-11.5129154649202,-9.21034037197618,-9.21034037197618,-9.21034037197618,-9.21034037197618,-9.21034037197618,1e-04,1e-04,1e-04,0.000500257615042281,-9.37106725028799,-0.00318224168422368,-0.0986328221046019,FALSE,FALSE,FALSE,FALSE,FALSE,FALSE,"Not missing"
"INcetux1_51|19849|1",139,"INcetux1_51|19849|1","INcetux1_51","INSERM","cetux1",3,24.9649,9982.4636,10927.5102,61.58786,TRUE,FALSE,"cetux1","Untreated",614,0,0.000681641253476647,0.000656655000057071,0.000183332437777442,0.843757654435082,4.74374893073818,-5.02716459604747,-9.21034037197618,-9.21034037197618,-9.21034037197618,-9.21034037197618,-9.21034037197618,1e-04,1e-04,1e-04,0.000659680729444326,-8.81424876348429,0.0399903900178338,-0.258124590177396,FALSE,FALSE,FALSE,FALSE,FALSE,FALSE,"Not missing"
"UMH011873|JOC8_11_873|1",140,"UMH011873|JOC8_11_873|1","UMH011873","Man","HCT116",10,20.3436,9015.2585,9714.4506,59.86894,TRUE,FALSE,"HCT116","Untreated",1834,0,0.000722936509879961,0.000694720249157399,0.000225662729746685,2.16580642695049,13.5582883645941,-3.82919865479273,-6.82110747225646,-6.4156423641483,-5.21166955982236,-5.21166955982236,-4.94930529535487,0.00708833151581243,0.00163576881134133,0.0054525627044711,0.000693829441541958,-9.16322674557123,-0.215106369390181,-0.548930072317116,FALSE,FALSE,FALSE,FALSE,FALSE,FALSE,"Not missing"
"UMH012311|JOC8_12_311|1",141,"UMH012311|JOC8_12_311|1","UMH012311","Man","HCT116",6,44.993,7874.7913,9171.189,38.22296,TRUE,FALSE,"HCT116","Untreated",1599,0,0.000894124862358494,0.000840005232021213,0.000299607488988484,1.25899279580973,5.77915810975613,-2.32060359849672,-6.27852142416584,-6.27852142416584,-4.2416394969048,-4.15825788796575,-3.9759363311718,0.0187617260787993,0.00187617260787993,0.0156347717323327,0.000838865687260216,-8.46510530675064,0.0731802298018534,-0.386773554492263,FALSE,FALSE,FALSE,FALSE,FALSE,FALSE,"Not missing"
"UMH036598|JOC7_36_598|1",142,"UMH036598|JOC7_36_598|1","UMH036598","Man","HCT116",12,26.2009,8790.4904,9482.6985,59.44459,TRUE,FALSE,"HCT116","Untreated",1934,0.000516795865633075,0.000687660438656836,0.000648982240818441,0.00024279500931445,3.07409942219429,19.8209397830695,-3.62912944970816,-5.95790776357914,-5.62143552695793,-4.85929547491103,-4.85929547491103,-4.85929547491103,0.0077559462254395,0.00361944157187177,0.0077559462254395,0.000647603111079545,-9.31392659730482,-0.213816941353897,-0.662088730698848,FALSE,FALSE,FALSE,FALSE,FALSE,FALSE,"Not missing"
"UMH049368|JOC8_49_368|1",143,"UMH049368|JOC8_49_368|1","UMH049368","Man","HCT116",10,39.4782,8914.2226,10050.0276,48.30298,TRUE,FALSE,"HCT116","Untreated",1431,0,0.000899296770020029,0.000842542387545109,0.000316465929447594,0.984371538303708,4.09872701323852,-2.01728114294723,-7.26612877955645,-6.5729815989965,-4.43291543550023,-4.43291543550023,-4.22160634183303,0.0146750524109015,0.00139762403913347,0.0118798043326345,0.000840723583969887,-8.40344137066601,0.0597832766337882,-0.381661193011437,FALSE,FALSE,FALSE,FALSE,FALSE,FALSE,"Not missing"
"UMH051343|JOC7_51_343|1",144,"UMH051343|JOC7_51_343|1","UMH051343","Man","HCT116",12,30.4829,7428.0832,7965.0944,37.23989,TRUE,FALSE,"HCT116","Untreated",794,0,0.000589834657221767,0.000571948592551053,0.000157357728981574,1.23551203260935,7.01777858062565,-5.28573858434118,-9.21034037197618,-9.21034037197618,-9.21034037197618,-9.21034037197618,-9.21034037197618,1e-04,1e-04,1e-04,0.000571930870604463,-9.32528794727292,-0.172898493759635,-0.445578191407726,FALSE,FALSE,FALSE,FALSE,FALSE,FALSE,"Not missing"
"UMHmouse_04|KW178_C3_3|1",145,"UMHmouse_04|KW178_C3_3|1","UMHmouse_04","Man","HCT116",11,26.5113,9924.1417,10368.5246,41.11086,TRUE,FALSE,"HCT116","Untreated",1075,0,0.000642793209015847,0.000638325931504369,0.000127832664793317,0.430980123514608,3.66897458222988,-11.5129154649202,-9.21034037197618,-9.21034037197618,-9.21034037197618,-9.21034037197618,-9.21034037197618,1e-04,1e-04,1e-04,0.00063436962336663,-9.09078792791276,0.00677470009210856,-0.157751349329515,FALSE,FALSE,FALSE,FALSE,FALSE,FALSE,"Not missing"
"UMHmouse_05|KW178_C4_01|3",146,"UMHmouse_05|KW178_C4_01|3","UMHmouse_05","Man","HCT116",9,41.1993,6460.3776,9366.0936,58.26904,TRUE,FALSE,"HCT116","Untreated",1786,0,0.000834728771943076,0.000741316907806322,0.000307336784294818,1.17898870152986,3.79518422034098,-2.09911846977404,-9.21034037197618,-9.21034037197618,-5.54182361238113,-5.29050918410022,-4.92278440397491,0.00727883538633818,1e-04,0.00503919372900336,0.000752515745060029,-8.30413039432474,0.359221305817057,-0.373801340033352,FALSE,FALSE,FALSE,FALSE,FALSE,FALSE,"Not missing"
"UMHmouse_08|JOC1_C3_2R|1",147,"UMHmouse_08|JOC1_C3_2R|1","UMHmouse_08","Man","HCT116",8,29.1209,9483.5815,10745.1132,58.3623,TRUE,FALSE,"HCT116","Untreated",2015,0.000496031746031746,0.000820915756864697,0.00075206090696156,0.000315906113647122,2.32010252671183,10.3607004237976,-2.56441502669809,-4.61264220082679,-4.51733202102247,-3.73717346347289,-3.69635146895264,-3.60104128914831,0.0272952853598015,0.0109181141439206,0.0248138957816377,0.000748759665374437,-8.98782295641029,-0.0919258046195376,-0.675639412102277,FALSE,FALSE,FALSE,FALSE,FALSE,FALSE,"Not missing"
"UMHmouse_11|JOC1_C3_1|1",148,"UMHmouse_11|JOC1_C3_1|1","UMHmouse_11","Man","HCT116",10,22.7277,9260.5616,9878.8809,57.26108,TRUE,FALSE,"HCT116","Untreated",1944,0,0.000724337606058086,0.000681560253724456,0.000220025121608933,1.74435874824844,8.66718516041276,-3.76541953123627,-7.57250298502038,-7.57250298502038,-6.18620862390049,-5.96306507258628,-5.62659283596507,0.00360082304526749,0.00051440329218107,0.00257201646090535,0.00068062547066517,-9.02335289418083,-0.0336074451389001,-0.516284803354382,FALSE,FALSE,FALSE,FALSE,FALSE,FALSE,"Not missing"
"UMHmouse_13|JOC1_C1_4|1",149,"UMHmouse_13|JOC1_C1_4|1","UMHmouse_13","Man","HCT116",10,29.8778,8824.4205,9964.4811,49.5169,TRUE,FALSE,"HCT116","Untreated",1317,0,0.000728956172925165,0.000679263263009489,0.000229817554153767,1.51857541284556,6.38151971126244,-3.6008285759912,-9.21034037197618,-9.21034037197618,-6.08449941307517,-6.08449941307517,-5.79681734062339,0.00303720577069096,1e-04,0.00227790432801822,0.000680977143976878,-9.02905492822793,-0.0587403241796373,-0.545046080130616,FALSE,FALSE,FALSE,FALSE,FALSE,FALSE,"Not missing"
"UMHmouse_14|JOC1_C2_3|2",150,"UMHmouse_14|JOC1_C2_3|2","UMHmouse_14","Man","HCT116",10,27.8609,9067.292,10085.2438,41.26576,TRUE,FALSE,"HCT116","Untreated",1592,0,0.000945059825494696,0.000763587449910119,0.00043062365811429,1.09919762498363,3.07245100195478,-1.24109046728244,-5.07016127341028,-4.88783971661633,-3.12425112435497,-3.09608024738827,-2.69991753194242,0.0672110552763819,0.00753768844221106,0.0452261306532663,0.000799794520553352,-6.06364214407836,2.37997823333041,1.02521737230012,FALSE,FALSE,FALSE,FALSE,FALSE,FALSE,"Not missing"
"UMHmouse_15|JOC1_C1_3|1",151,"UMHmouse_15|JOC1_C1_3|1","UMHmouse_15","Man","HCT116",8,41.8568,9002.1927,10898.7247,66.51002,TRUE,FALSE,"HCT116","Untreated",1785,0,0.000902659443245564,0.000838299514725804,0.000295120283267548,0.765975020918322,3.20087565589425,-2.09848973665053,-9.21034037197618,-9.21034037197618,-5.69541422498568,-5.54126354515843,-4.9222243367522,0.0072829131652661,1e-04,0.00392156862745098,0.000846906711604093,-7.69243006121757,0.677709836237313,0.100606881815482,FALSE,FALSE,FALSE,FALSE,FALSE,FALSE,"Not missing"
"UMHmouse_19|JOC1_C2_1R|1",152,"UMHmouse_19|JOC1_C2_1R|1","UMHmouse_19","Man","HCT116",10,25.5134,10060.7843,11148.5604,44.82336,TRUE,FALSE,"HCT116","Untreated",1113,0,0.00110692987395266,0.000785507902037352,0.000641218254591716,1.11879352593612,2.81985096105147,-0.925112465203303,-2.2874265325632,-2.20262999590313,-1.61665164975779,-1.60764257981543,-1.54254367760407,0.213836477987421,0.110512129380054,0.200359389038634,0.000798343518710281,-5.02761533408865,3.52965513622167,1.61072043490177,FALSE,FALSE,FALSE,FALSE,FALSE,FALSE,"Not missing"
"UMLC001789|KW138_1_789|1",153,"UMLC001789|KW138_1_789|1","UMLC001789","Man","Lovo",11,2.5017,11589.4236,11728.049,25.66918,TRUE,FALSE,"Lovo","Untreated",796,0,0.000815877656579011,0.000795841537183151,0.000213510585806122,0.767297751044508,4.27751909310241,-3.82479770181453,-9.21034037197618,-9.21034037197618,-6.67959918584438,-6.67959918584438,-6.67959918584438,0.00125628140703518,1e-04,0.00125628140703518,0.000790241975030315,-8.6402476785333,0.053629521738369,-0.246784686059675,FALSE,FALSE,FALSE,FALSE,FALSE,FALSE,"Not missing"
"UMLC002861|KW143_2_861|1",154,"UMLC002861|KW143_2_861|1","UMLC002861","Man","Lovo",11,51.28,11613.804,11308.2381,20.79224,TRUE,FALSE,"Lovo","Untreated",820,0,0.000590418114397169,0.00057545755407773,0.000154463367293827,0.668810207784405,4.28618919335391,-6.70808408385307,-9.21034037197618,-9.21034037197618,-9.21034037197618,-9.21034037197618,-9.21034037197618,1e-04,1e-04,1e-04,0.000575814741174377,-8.97051810506905,0.00787937956300174,-0.228194470470989,FALSE,FALSE,FALSE,FALSE,FALSE,FALSE,"Not missing"
"UMLC004845|KW143_4_845|1",155,"UMLC004845|KW143_4_845|1","UMLC004845","Man","Lovo",9,9.7666,10802.2695,10864.1563,52.75484,TRUE,FALSE,"Lovo","Untreated",1485,0,0.000595552216363155,0.000585793517529964,0.000158478249192618,0.710760601402094,5.3493716970609,-6.60867516157799,-9.21034037197618,-9.21034037197618,-9.21034037197618,-9.21034037197618,-9.21034037197618,1e-04,1e-04,1e-04,0.000582956669801174,-9.00967400263134,-0.0545727115616332,-0.252938063567284,FALSE,FALSE,FALSE,FALSE,FALSE,FALSE,"Not missing"
"UMLC007819|KW143_7_819|1",156,"UMLC007819|KW143_7_819|1","UMLC007819","Man","Lovo",10,17.6323,10779.4906,11034.3324,27.34698,TRUE,FALSE,"Lovo","Untreated",786,0,0.00075279625358031,0.000670741399517283,0.000338757007488936,1.9479818967647,7.74272937462926,-2.5113890336278,-5.05751887999511,-5.05751887999511,-3.89436807018943,-3.77658503453304,-3.62243435470578,0.0267175572519084,0.00636132315521629,0.0229007633587786,0.00067273828556323,-8.92669070650339,-0.119006041569474,-0.684699780784468,FALSE,FALSE,FALSE,FALSE,FALSE,FALSE,"Not missing"
"UMLC010529|KW143_10_529|1",157,"UMLC010529|KW143_10_529|1","UMLC010529","Man","Lovo",9,11.6866,10757.1604,10932.5422,53.44812,TRUE,FALSE,"Lovo","Untreated",1616,0,0.000561516841287921,0.000553140038391575,0.00013700425728147,0.485074395513702,3.73190999532926,-11.5129154649202,-9.21034037197618,-9.21034037197618,-9.21034037197618,-9.21034037197618,-9.21034037197618,1e-04,1e-04,1e-04,0.000551456377614153,-9.03911266943394,0.0074195698453735,-0.177306156229277,FALSE,FALSE,FALSE,FALSE,FALSE,FALSE,"Not missing"
"UMLC012310|KW138_12_310|1",158,"UMLC012310|KW138_12_310|1","UMLC012310","Man","Lovo",4,12.6625,9451.4069,10088.1009,15.39538,TRUE,FALSE,"Lovo","Untreated",344,0,0.000669230005853954,0.000661252328427508,0.000244432164117601,0.301627332020849,2.92041063399605,-4.73327018861541,-9.21034037197618,-9.21034037197618,-9.21034037197618,-9.21034037197618,-9.21034037197618,1e-04,1e-04,1e-04,0.000653108783412372,-8.13741970967642,0.220624297038657,0.0495810646965651,FALSE,FALSE,FALSE,FALSE,FALSE,FALSE,"Not missing"
"UMLC012768|KW143_12_768|1",159,"UMLC012768|KW143_12_768|1","UMLC012768","Man","Lovo",11,19.9844,11985.5152,12297.1944,20.50748,TRUE,FALSE,"Lovo","Untreated",627,0,0.000638020408357994,0.000577720580622554,0.000234128518311577,2.15583209345244,8.54700139044673,-3.41279651750551,-9.21034037197618,-9.21034037197618,-6.44094654063292,-6.44094654063292,-6.44094654063292,0.00159489633173844,1e-04,0.00159489633173844,0.000576783203109253,-9.15932480893836,0.0576408778066364,-0.642282766538394,FALSE,FALSE,FALSE,FALSE,FALSE,FALSE,"Not missing"
"UMLC013572|KW143_13_572|1",160,"UMLC013572|KW143_13_572|1","UMLC013572","Man","Lovo",6,25.6229,11239.847,11702.5311,44.91796,TRUE,FALSE,"Lovo","Untreated",1465,0,0.000665089912041497,0.000639226869679987,0.000214958143553976,1.85251224773073,10.3346724190485,-3.9023209196217,-9.21034037197618,-9.21034037197618,-5.49785105222311,-5.49785105222311,-5.49785105222311,0.00409556313993174,1e-04,0.00409556313993174,0.000637345735178247,-9.14997865710493,-0.191413179205386,-0.523416138934982,FALSE,FALSE,FALSE,FALSE,FALSE,FALSE,"Not missing"
"UMH041884|JOC7_41_884|1",161,"UMH041884|JOC7_41_884|1","UMH041884","ManTx","HCT116",10,54.721,5784.3427,6422.2619,36.6882,FALSE,TRUE,"HCT116Tx","Post-treatment",1401,0.00497159090909091,0.00141038977418091,0.0012547115329653,0.00059940929057621,0.635173328155475,2.34285181570549,-0.135825848698046,-1.98744617430923,-1.94662417978897,-1.32336312669319,-1.30214217121031,-1.23367437193285,0.291220556745182,0.142755174875089,0.271948608137045,0.00123755582072692,-5.34680134869291,2.42945396601802,1.52588331129061,FALSE,FALSE,FALSE,FALSE,FALSE,FALSE,"Not missing"
"UMH067821|JOC8_67_821|1",162,"UMH067821|JOC8_67_821|1","UMH067821","ManTx","HCT116",7,30.4975,8995.8848,9695.3704,47.85099,FALSE,TRUE,"HCT116Tx","Post-treatment",1077,0,0.000997521670199253,0.000958573655225336,0.000268042418629299,0.746562135092936,3.95927372704579,-2.012274898136,-6.98193467715639,-6.98193467715639,-4.90249313547655,-4.78471009982017,-4.09156291926022,0.0167130919220056,0.000928505106778087,0.00835654596100278,0.000962253891446007,-8.36268958565183,0.103278010843114,-0.225256921989754,FALSE,FALSE,FALSE,FALSE,FALSE,FALSE,"Not missing"
"UMH068370|JOC7_68_370|1",163,"UMH068370|JOC7_68_370|1","UMH068370","ManTx","HCT116",NA,38.8202,5098.8771,5616.7401,10.31482,FALSE,TRUE,"HCT116Tx","Post-treatment",NA,NA,NA,NA,NA,NA,NA,NA,NA,NA,NA,NA,NA,NA,NA,NA,NA,NA,NA,NA,TRUE,TRUE,FALSE,FALSE,FALSE,FALSE,"A"
"UMH111111|JOC8_111_111|1",164,"UMH111111|JOC8_111_111|1","UMH111111","ManTx","HCT116",8,45.187,9042.3215,9738.652,52.01398,FALSE,TRUE,"HCT116Tx","Post-treatment",1680,0,0.000888396211073649,0.000830158503958955,0.000306407988745668,0.867830561961613,3.74596223417759,-2.12650102579271,-9.21034037197618,-7.4265490723973,-4.59333572834109,-4.59333572834109,-4.33550661903899,0.0130952380952381,0.000595238095238095,0.0101190476190476,0.000835205892399069,-8.21903341325984,0.190005278633253,-0.2548373048335,FALSE,FALSE,FALSE,FALSE,FALSE,FALSE,"Not missing"
"UMHmouse_01|KW178_C4_2_1R|1",165,"UMHmouse_01|KW178_C4_2_1R|1","UMHmouse_01","ManTx","HCT116",8,48.2394,6094.2187,6978.8395,57.29659,FALSE,TRUE,"HCT116Tx","Post-treatment",1837,0,0.00111800354958057,0.00112204952165484,0.000389584896456817,0.0994355180658976,1.96535990042258,-0.554913919901544,-7.51588908521513,-7.51588908521513,-3.77821946693176,-3.6240687871045,-3.12143993054269,0.0440936309199782,0.000544365813826892,0.0266739248775177,0.00108962904904677,-6.21239939771208,1.54721827394237,1.35963061698682,FALSE,FALSE,FALSE,FALSE,FALSE,FALSE,"Not missing"
"UMHmouse_02|KW178_C3_1_1L|1",166,"UMHmouse_02|KW178_C3_1_1L|1","UMHmouse_02","ManTx","HCT116",9,49.0869,5998.0777,6394.0427,47.11313,FALSE,TRUE,"HCT116Tx","Post-treatment",1237,0,0.00097694270630034,0.000928119756281375,0.00032464990939966,0.713395772531306,3.43374490590944,-1.73809256821933,-6.42729719183254,-6.42729719183254,-4.28723102833627,-4.17600539322605,-3.94239054204454,0.0194017784963622,0.00161681487469685,0.01535974130962,0.000923419259038623,-7.72625960061451,0.500673525689893,0.0345642420159277,FALSE,FALSE,FALSE,FALSE,FALSE,FALSE,"Not missing"
"UMHmouse_03|KW178_C4_3_1L1R|1",167,"UMHmouse_03|KW178_C4_3_1L1R|1","UMHmouse_03","ManTx","HCT116",7,44.0163,7763.4105,8896.3814,71.0544,FALSE,TRUE,"HCT116Tx","Post-treatment",2413,0,0.00104425165400745,0.000984508777037263,0.000372403019435795,0.492992318586359,3.11055202433089,-1.09916492753269,-5.59140148828881,-5.39073079282666,-3.74557479779048,-3.69428150340293,-3.36978545782843,0.0343970161624534,0.00455864069622876,0.0248653128885205,0.00100282970516785,-7.66471673000489,0.343948388462109,0.0351524945392674,FALSE,FALSE,FALSE,FALSE,FALSE,FALSE,"Not missing"
"UMHmouse_06|KW178_C4_4_2L|1",168,"UMHmouse_06|KW178_C4_4_2L|1","UMHmouse_06","ManTx","HCT116",9,57.5875,7962.2847,8478.5027,58.7581,FALSE,TRUE,"HCT116Tx","Post-treatment",1688,0,0.0010625583382487,0.000946786603890359,0.000388186469440944,0.704523130266811,2.59041530788194,-1.00293412357904,-6.04500531403601,-5.8218617627218,-3.15463355613985,-3.10056633486957,-2.86695148368807,0.0568720379146919,0.00296208530805687,0.0450236966824645,0.000955854607068423,-6.03083330287807,2.1685773437404,1.2599975474055,FALSE,FALSE,FALSE,FALSE,FALSE,FALSE,"Not missing"
"UMHmouse_07|KW178_C3_NO1_1R|1",169,"UMHmouse_07|KW178_C3_NO1_1R|1","UMHmouse_07","ManTx","HCT116",5,44.2437,7257.6442,8170.4011,45.8721,FALSE,TRUE,"HCT116Tx","Post-treatment",1288,0.00232378001549187,0.00114313076596067,0.00107760640094057,0.000389347464298229,1.16032530068534,5.14925809413895,-1.0094845087721,-3.86500904065997,-3.75964852500214,-2.87038646551591,-2.85678081346013,-2.66103623633403,0.0698757763975155,0.0232919254658385,0.0574534161490683,0.00106936907325851,-7.94613458801722,0.260532679845063,-0.250158906120297,FALSE,FALSE,FALSE,FALSE,FALSE,FALSE,"Not missing"
"UMHmouse_10|JOC1_C3_4_2L|1",170,"UMHmouse_10|JOC1_C3_4_2L|1","UMHmouse_10","ManTx","HCT116",11,28.1099,8758.0483,9494.8126,47.3932,FALSE,TRUE,"HCT116Tx","Post-treatment",1264,0,0.000897275425077054,0.000855619524372742,0.000233024826828961,1.74533051553117,8.06869806259249,-2.85179495976835,-9.21034037197618,-9.21034037197618,-4.6571299249188,-4.6571299249188,-4.50297924509154,0.0110759493670886,1e-04,0.00949367088607595,0.00085453081667067,-9.09134561900185,-0.124488841908327,-0.567103622024134,FALSE,FALSE,FALSE,FALSE,FALSE,FALSE,"Not missing"
"UMHmouse_12|JOC1_C1_5_2R|1",171,"UMHmouse_12|JOC1_C1_5_2R|1","UMHmouse_12","ManTx","HCT116",8,52.9998,5924.2447,7906.9883,52.30528,FALSE,TRUE,"HCT116Tx","Post-treatment",1442,0.000693000693000693,0.0013579812196373,0.00124597758986056,0.00056411630473653,0.551600535659141,2.27985786794837,-0.15286284964283,-2.25650648102997,-2.21754051249659,-1.41585316336144,-1.38768228639474,-1.32314376525717,0.26629680998613,0.108876560332871,0.249653259361997,0.00119577102264867,-4.86325952411005,2.9333673104182,2.08004661064784,FALSE,FALSE,FALSE,FALSE,FALSE,FALSE,"Not missing"
"UMHmouse_16|JOC1_C2_4_2L|1",172,"UMHmouse_16|JOC1_C2_4_2L|1","UMHmouse_16","ManTx","HCT116",10,34.9496,7299.0867,8304.7489,55.14681,FALSE,TRUE,"HCT116Tx","Post-treatment",1573,0,0.000969760569756986,0.000862053828313947,0.000348435745773591,1.06072555444792,3.68113992673016,-1.52993077560261,-5.97444554193839,-5.41482975400296,-3.69717825692863,-3.69717825692863,-3.371755856494,0.0343293070565798,0.00445009535918627,0.0247933884297521,0.000882976940244586,-7.61131808332734,0.787371375489062,-0.0210570251669242,FALSE,FALSE,FALSE,FALSE,FALSE,FALSE,"Not missing"
"UMHmouse_17|JOC1_C1_1_1L|1",173,"UMHmouse_17|JOC1_C1_1_1L|1","UMHmouse_17","ManTx","HCT116",10,24.206,7360.7685,8047.5013,62.67673,FALSE,TRUE,"HCT116Tx","Post-treatment",1399,0,0.000966584019490159,0.000818624976091087,0.000430332896615349,1.22248799289902,3.90805666051026,-1.37649472813109,-4.19899053694206,-4.15247052130717,-2.78916567841197,-2.75487660493334,-2.63834278867739,0.0714796283059328,0.0157255182273052,0.0636168691922802,0.00084519792122838,-7.24622889229303,1.0682568784701,0.0451577073838053,FALSE,FALSE,FALSE,FALSE,FALSE,FALSE,"Not missing"
"UMHmouse_18|JOC1_C2_4_1L|1",174,"UMHmouse_18|JOC1_C2_4_1L|1","UMHmouse_18","ManTx","HCT116",13,41.0015,7253.2628,7904.193,28.33452,FALSE,TRUE,"HCT116Tx","Post-treatment",653,0,0.000681051522913028,0.000679212680552155,0.000102626087031236,0.559130398674115,4.53550535501941,-11.5129154649202,-9.21034037197618,-9.21034037197618,-9.21034037197618,-9.21034037197618,-9.21034037197618,1e-04,1e-04,1e-04,0.000674295818655027,-9.42946407065329,-0.0662745421387635,-0.23144475032031,FALSE,FALSE,FALSE,FALSE,FALSE,FALSE,"Not missing"
"UMHmouse_20|JOC1_C3_3_1L1R|1",175,"UMHmouse_20|JOC1_C3_3_1L1R|1","UMHmouse_20","ManTx","HCT116",11,52.8607,8241.8038,9527.5934,43.72467,FALSE,TRUE,"HCT116Tx","Post-treatment",1200,0.00332225913621262,0.00130333860545458,0.00109626940684393,0.000624319611878002,0.64913897735435,2.2442334538467,-0.319353416289432,-2.16282315061889,-2.10647021406776,-1.40649706843741,-1.38629436111989,-1.33750419695046,0.2625,0.121666666666667,0.25,0.00103685652473489,-4.71211748237562,3.28082227000883,2.06716122847622,FALSE,FALSE,FALSE,FALSE,FALSE,FALSE,"Not missing"
"UMLT003327|KW143_3_327|1",176,"UMLT003327|KW143_3_327|1","UMLT003327","ManTx","Lovo",7,13.2646,9394.4795,9545.8672,36.82716,FALSE,TRUE,"LovoTx","Post-treatment",1166,0,0.000763356859774683,0.000721838470781222,0.000259565879026271,1.78005526273707,7.45495404943912,-2.87956084179195,-9.21034037197618,-9.21034037197618,-5.11542421785512,-5.11542421785512,-4.66343909411207,0.00943396226415094,1e-04,0.00600343053173242,0.000713382152376555,-8.95437514031524,-0.0705875489551795,-0.565913288122117,FALSE,FALSE,FALSE,FALSE,FALSE,FALSE,"Not missing"
"UMLT007769|KW143_7_769|1",177,"UMLT007769|KW143_7_769|1","UMLT007769","ManTx","Lovo",9,12.3831,8740.5473,8860.557,37.10191,FALSE,TRUE,"LovoTx","Post-treatment",1157,0,0.000683784790906283,0.000668346241582185,0.000197301529493258,2.2024590000153,15.4478817051683,-4.20557019733233,-7.05358572719368,-7.05358572719368,-5.44414781475958,-5.44414781475958,-5.44414781475958,0.00432152117545376,0.000864304235090752,0.00432152117545376,0.000666880339512817,-9.32851462757228,-0.286489050472405,-0.536564086999694,FALSE,FALSE,FALSE,FALSE,FALSE,FALSE,"Not missing"
"UMLT009110|KW138_9_110|1",178,"UMLT009110|KW138_9_110|1","UMLT009110","ManTx","Lovo",10,54.4389,8245.5114,8885.6896,24.28576,FALSE,TRUE,"LovoTx","Post-treatment",724,0.00137931034482759,0.00095137889331846,0.000910416565602645,0.000402125139916886,0.943758003937614,4.85676331523732,-1.59623640057556,-4.50534985070588,-4.3875668150495,-3.4937489390274,-3.44929717645657,-3.25258688221051,0.0386740331491713,0.0124309392265193,0.031767955801105,0.000896373524888678,-8.0172934675921,0.0825570220314118,-0.268771986098795,FALSE,FALSE,FALSE,FALSE,FALSE,FALSE,"Not missing"
"UMLT010589|KW143_10_589|1",179,"UMLT010589|KW143_10_589|1","UMLT010589","ManTx","Lovo",11,19.1619,8241.089,8731.6178,21.6405,FALSE,TRUE,"LovoTx","Post-treatment",832,0.00120048019207683,0.00070931028830483,0.000663081737002358,0.000257593053761078,2.04855999182627,8.83511660913056,-2.95972590106335,-6.72383244082121,-6.72383244082121,-5.11439452838711,-5.11439452838711,-4.93207297159315,0.00721153846153846,0.00120192307692308,0.00600961538461538,0.000660667973191672,-9.19148669893307,-0.180000973187194,-0.66184388282095,FALSE,FALSE,FALSE,FALSE,FALSE,FALSE,"Not missing"
"UMLT013524|KW138_13_524|1",180,"UMLT013524|KW138_13_524|1","UMLT013524","ManTx","Lovo",10,12.2897,9318.0095,9791.8119,29.88789,FALSE,TRUE,"LovoTx","Post-treatment",915,0,0.00080330107543017,0.000804185168817639,0.000187745610266767,0.135855721234002,3.46788161476663,-5.2040066870768,-9.21034037197618,-9.21034037197618,-9.21034037197618,-9.21034037197618,-9.21034037197618,1e-04,1e-04,1e-04,0.000799824387627158,-8.83826326131185,-0.141686292787853,-0.188827490819949,FALSE,FALSE,FALSE,FALSE,FALSE,FALSE,"Not missing"
"UMLT015816|KW143_15_816|1",181,"UMLT015816|KW143_15_816|1","UMLT015816","ManTx","Lovo",7,34.0937,9753.938,9608.9861,33.9833,FALSE,TRUE,"LovoTx","Post-treatment",925,0,0.000701213284471148,0.000681599776726216,0.000233664699001193,0.935548884055043,4.58983832797868,-4.0397563719377,-9.21034037197618,-9.21034037197618,-9.21034037197618,-9.21034037197618,-9.21034037197618,1e-04,1e-04,1e-04,0.000669333028919826,-8.69394587219384,-0.00651857314720794,-0.343438313821581,FALSE,FALSE,FALSE,FALSE,FALSE,FALSE,"Not missing"
"UMLT222222|KW143_222_222|1",182,"UMLT222222|KW143_222_222|1","UMLT222222","ManTx","Lovo",10,18.2144,8641.3478,8765.5311,21.44515,FALSE,TRUE,"LovoTx","Post-treatment",607,0,0.000810648098509741,0.00072511367034167,0.000303534487865486,2.28322185752105,9.05513630568469,-2.47778918201914,-5.71538161049955,-5.30991650239139,-4.01063351826113,-4.01063351826113,-3.63594006881972,0.0263591433278418,0.00494233937397035,0.0181219110378913,0.000723292089019498,-9.11581848928827,0.00675478483010748,-0.736311825716523,FALSE,FALSE,FALSE,FALSE,FALSE,FALSE,"Not missing"
"RU120373_r22|Tu22|1",183,"RU120373_r22|Tu22|1","RU120373_r22","RunMC","CC531",1,32.535,10875.43,11788.49,19.41264,TRUE,FALSE,"CC531","Untreated",176,0,0.0012561202731211,0.00124471861636266,0.000162613582085455,1.26282461255771,7.96695668627329,-0.762140052046897,-9.21034037197618,-9.21034037197618,-5.17048399503815,-5.17048399503815,-5.17048399503815,0.00568181818181818,1e-04,0.00568181818181818,0.00124185983186442,-9.1750038911947,-0.127341351404897,-0.373400188934823,FALSE,FALSE,FALSE,FALSE,FALSE,FALSE,"Not missing"
"RU120373_r23|Tu23|1",184,"RU120373_r23|Tu23|1","RU120373_r23","RunMC","CC531",NA,47.7666,9513.05,10728.86,10.67838,TRUE,FALSE,"CC531","Untreated",NA,NA,NA,NA,NA,NA,NA,NA,NA,NA,NA,NA,NA,NA,NA,NA,NA,NA,NA,NA,TRUE,TRUE,FALSE,FALSE,FALSE,FALSE,"A"
"RU120373_r24|Tu24|1",185,"RU120373_r24|Tu24|1","RU120373_r24","RunMC","CC531",NA,7.5279,11839.65,12018.98,12.33964,TRUE,FALSE,"CC531","Untreated",NA,NA,NA,NA,NA,NA,NA,NA,NA,NA,NA,NA,NA,NA,NA,NA,NA,NA,NA,NA,TRUE,TRUE,FALSE,FALSE,FALSE,FALSE,"A"
"RU120373_r25|Tu25|1",186,"RU120373_r25|Tu25|1","RU120373_r25","RunMC","CC531",NA,11.4539,10845.25,11161.57,10.59484,TRUE,FALSE,"CC531","Untreated",NA,NA,NA,NA,NA,NA,NA,NA,NA,NA,NA,NA,NA,NA,NA,NA,NA,NA,NA,NA,TRUE,TRUE,FALSE,FALSE,FALSE,FALSE,"A"
"RU120373_r26|Tu26|1",187,"RU120373_r26|Tu26|1","RU120373_r26","RunMC","CC531",NA,31.9243,10282.11,12076.3,1.93199,TRUE,FALSE,"CC531","Untreated",NA,NA,NA,NA,NA,NA,NA,NA,NA,NA,NA,NA,NA,NA,NA,NA,NA,NA,NA,NA,TRUE,TRUE,FALSE,FALSE,FALSE,FALSE,"A"
"RU120373_r27|Tu27|2",188,"RU120373_r27|Tu27|2","RU120373_r27","RunMC","CC531",1,39.6799,7597.7,11636.89,57.94666,TRUE,FALSE,"CC531","Untreated",216,0.503448275862069,NA,NA,NA,NA,NA,NA,NA,NA,NA,NA,NA,NA,NA,NA,NA,NA,NA,NA,TRUE,FALSE,TRUE,FALSE,FALSE,FALSE,"B"
"RU120373_r28|Tu28|1",189,"RU120373_r28|Tu28|1","RU120373_r28","RunMC","CC531",NA,5.292,11447.18,11569.94,23.15696,TRUE,FALSE,"CC531","Untreated",NA,NA,NA,NA,NA,NA,NA,NA,NA,NA,NA,NA,NA,NA,NA,NA,NA,NA,NA,NA,TRUE,TRUE,FALSE,FALSE,FALSE,FALSE,"A"
"RU120373_r50|Tu50|1",190,"RU120373_r50|Tu50|1","RU120373_r50","RunMC","CC531",1,29.7501,9168.99,10480.09,58.31426,TRUE,FALSE,"CC531","Untreated",317,0,0.000849345958408274,0.000861085834912956,0.000161755003192654,-0.666802839162068,4.93129222447945,-11.5129154649202,-9.21034037197618,-9.21034037197618,-9.21034037197618,-9.21034037197618,-9.21034037197618,1e-04,1e-04,1e-04,0.000862821168678335,-9.0139608191953,-0.267659451684387,-0.067669790610601,FALSE,FALSE,FALSE,FALSE,FALSE,FALSE,"Not missing"
"RU120373_r51|Tu51|1",191,"RU120373_r51|Tu51|1","RU120373_r51","RunMC","CC531",1,18.4701,10724.52,11447.22,126.81214,TRUE,FALSE,"CC531","Untreated",827,0,0.000873880895409855,0.000832272868137807,0.000232085423518665,1.25096608098789,5.78098608434172,-2.80914631797358,-9.21034037197618,-9.21034037197618,-5.61919240635558,-5.3315103339038,-5.10836678258959,0.0060459492140266,1e-04,0.00483675937122128,0.000830631720677614,-8.86633763795526,-0.0286113068740724,-0.455920223684874,FALSE,FALSE,FALSE,FALSE,FALSE,FALSE,"Not missing"
"RU120373_r52|Tu52|1",192,"RU120373_r52|Tu52|1","RU120373_r52","RunMC","CC531",NA,15.4847,10046.28,10544.51,43.8124,TRUE,FALSE,"CC531","Untreated",NA,NA,NA,NA,NA,NA,NA,NA,NA,NA,NA,NA,NA,NA,NA,NA,NA,NA,NA,NA,TRUE,TRUE,FALSE,FALSE,FALSE,FALSE,"A"
"RU120373_r53|Tu53|1",193,"RU120373_r53|Tu53|1","RU120373_r53","RunMC","CC531",NA,28.6425,10395.74,11041.37,45.63143,TRUE,FALSE,"CC531","Untreated",NA,NA,NA,NA,NA,NA,NA,NA,NA,NA,NA,NA,NA,NA,NA,NA,NA,NA,NA,NA,TRUE,TRUE,FALSE,FALSE,FALSE,FALSE,"A"
"RU120373_r54|Tu54|1",194,"RU120373_r54|Tu54|1","RU120373_r54","RunMC","CC531",NA,21.0141,10268.78,10855.54,27.86776,TRUE,FALSE,"CC531","Untreated",NA,NA,NA,NA,NA,NA,NA,NA,NA,NA,NA,NA,NA,NA,NA,NA,NA,NA,NA,NA,TRUE,TRUE,FALSE,FALSE,FALSE,FALSE,"A"
"RU120373_r55|Tu55|1",195,"RU120373_r55|Tu55|1","RU120373_r55","RunMC","CC531",NA,16.4852,10539.12,11008.03,43.30945,TRUE,FALSE,"CC531","Untreated",NA,NA,NA,NA,NA,NA,NA,NA,NA,NA,NA,NA,NA,NA,NA,NA,NA,NA,NA,NA,TRUE,TRUE,FALSE,FALSE,FALSE,FALSE,"A"
"RU120373_r56|Tu56|1",196,"RU120373_r56|Tu56|1","RU120373_r56","RunMC","CC531",NA,9.7627,10438.23,10884.37,50.87266,TRUE,FALSE,"CC531","Untreated",NA,NA,NA,NA,NA,NA,NA,NA,NA,NA,NA,NA,NA,NA,NA,NA,NA,NA,NA,NA,TRUE,TRUE,FALSE,FALSE,FALSE,FALSE,"A"
"RU120373_r64|Tu64|1",197,"RU120373_r64|Tu64|1","RU120373_r64","RunMC","CC531",1,0.9993,11376.9,11429.34,46.26976,TRUE,FALSE,"CC531","Untreated",319,0.0093167701863354,0.00119205684233953,0.00109591032378376,0.000336798840628551,2.25481711950892,9.99923213269065,-1.19719311734056,-3.97343163355679,-3.81928095372953,-2.8207521236184,-2.72066866506142,-2.5871372724369,0.0752351097178683,0.0219435736677116,0.0658307210031348,0.00109949559889139,-8.96118229307183,-0.0586751148798453,-0.69901101237264,FALSE,FALSE,FALSE,FALSE,FALSE,FALSE,"Not missing"
"RU120373_r65|Tu65|1",198,"RU120373_r65|Tu65|1","RU120373_r65","RunMC","CC531",NA,NA,9792.4,10387.19,20.11836,TRUE,FALSE,"CC531","Untreated",NA,NA,NA,NA,NA,NA,NA,NA,NA,NA,NA,NA,NA,NA,NA,NA,NA,NA,NA,NA,TRUE,TRUE,FALSE,FALSE,FALSE,TRUE,"A+E"
"RU120373_r66|Tu66|1",199,"RU120373_r66|Tu66|1","RU120373_r66","RunMC","CC531",NA,27.0333,9858.15,11559.43,3.54402,TRUE,FALSE,"CC531","Untreated",NA,NA,NA,NA,NA,NA,NA,NA,NA,NA,NA,NA,NA,NA,NA,NA,NA,NA,NA,NA,TRUE,TRUE,FALSE,FALSE,FALSE,FALSE,"A"
"RU120373_r67|Tu67|1",200,"RU120373_r67|Tu67|1","RU120373_r67","RunMC","CC531",NA,2.1082,11503.19,11566.09,9.96454,TRUE,FALSE,"CC531","Untreated",NA,NA,NA,NA,NA,NA,NA,NA,NA,NA,NA,NA,NA,NA,NA,NA,NA,NA,NA,NA,TRUE,TRUE,FALSE,FALSE,FALSE,FALSE,"A"
"RU120373_r68|Tu68|1",201,"RU120373_r68|Tu68|1","RU120373_r68","RunMC","CC531",NA,4.0782,11225.63,11429.14,41.17801,TRUE,FALSE,"CC531","Untreated",NA,NA,NA,NA,NA,NA,NA,NA,NA,NA,NA,NA,NA,NA,NA,NA,NA,NA,NA,NA,TRUE,TRUE,FALSE,FALSE,FALSE,FALSE,"A"
"RU120373_r69|Tu69|1",202,"RU120373_r69|Tu69|1","RU120373_r69","RunMC","CC531",NA,1.0016,11850.68,11904.67,40.67379,TRUE,FALSE,"CC531","Untreated",NA,NA,NA,NA,NA,NA,NA,NA,NA,NA,NA,NA,NA,NA,NA,NA,NA,NA,NA,NA,TRUE,TRUE,FALSE,FALSE,FALSE,FALSE,"A"
"RU120373_r70|Tu70|1",203,"RU120373_r70|Tu70|1","RU120373_r70","RunMC","CC531",NA,7.7557,10336.21,10447.83,150.5508,TRUE,FALSE,"CC531","Untreated",NA,NA,NA,NA,NA,NA,NA,NA,NA,NA,NA,NA,NA,NA,NA,NA,NA,NA,NA,NA,TRUE,TRUE,FALSE,FALSE,FALSE,FALSE,"A"
"WW5837|l|1",204,"WW5837|l|1","WW5837","WWU","H1975",3,21.7017,4150.2321,4561.7693,18.25416,TRUE,FALSE,"H1975","Untreated",367,0,0.0015655396239782,0.001545353,0.000269974672128388,0.429016491541026,2.60003008206282,1.29351262766892,-4.51906748693468,-3.95945169899926,-1.68585414287846,-1.61490240690618,-1.40555217772431,0.245231607629428,0.0190735694822888,0.198910081743869,0.00153475674597566,-7.67974047376909,0.606067398078367,0.263915818472548,FALSE,FALSE,FALSE,FALSE,FALSE,FALSE,"Not missing"
"WW5837|r|1",205,"WW5837|r|1","WW5837","WWU","H1975",NA,NA,NA,NA,6.68152,TRUE,FALSE,"H1975","Untreated",NA,NA,NA,NA,NA,NA,NA,NA,NA,NA,NA,NA,NA,NA,NA,NA,NA,NA,NA,NA,TRUE,TRUE,FALSE,FALSE,FALSE,TRUE,"A+E"
"WW5838|l|1",206,"WW5838|l|1","WW5838","WWU","H1975",NA,19.8473,4029.8126,4420.0958,19.08054,TRUE,FALSE,"H1975","Untreated",NA,NA,NA,NA,NA,NA,NA,NA,NA,NA,NA,NA,NA,NA,NA,NA,NA,NA,NA,NA,TRUE,TRUE,FALSE,FALSE,FALSE,FALSE,"A"
"WW5838|r|1",207,"WW5838|r|1","WW5838","WWU","H1975",4,36.1418,3785.0768,4357.0051,17.49053,TRUE,FALSE,"H1975","Untreated",286,0,0.00107375446176222,0.0010676488163881,0.00017645729280777,-1.57863467218149,11.5912013335352,-2.82583323675859,-9.21034037197618,-9.21034037197618,-9.21034037197618,-9.21034037197618,-9.21034037197618,1e-04,1e-04,1e-04,0.00107671941182419,-9.33438548980988,-0.451474710194036,-0.317832265209348,FALSE,FALSE,FALSE,FALSE,FALSE,FALSE,"Not missing"
"WW5945|l|2",208,"WW5945|l|2","WW5945","WWU","H1975",NA,47.4829,3163.2046,4448.6304,13.97001,TRUE,FALSE,"H1975","Untreated",NA,NA,NA,NA,NA,NA,NA,NA,NA,NA,NA,NA,NA,NA,NA,NA,NA,NA,NA,NA,TRUE,TRUE,FALSE,FALSE,FALSE,FALSE,"A"
"WW5945|m|1",209,"WW5945|m|1","WW5945","WWU","H1975",NA,NA,NA,NA,NA,TRUE,FALSE,"H1975","Untreated",NA,NA,NA,NA,NA,NA,NA,NA,NA,NA,NA,NA,NA,NA,NA,NA,NA,NA,NA,NA,TRUE,TRUE,FALSE,FALSE,FALSE,TRUE,"A+E"
"WW5945|r|1",210,"WW5945|r|1","WW5945","WWU","H1975",3,83.4023,2267.9047,5363.2607,45.21354,TRUE,FALSE,"H1975","Untreated",466,0.338068181818182,NA,NA,NA,NA,NA,NA,NA,NA,NA,NA,NA,NA,NA,NA,NA,NA,NA,NA,TRUE,FALSE,TRUE,FALSE,FALSE,FALSE,"B"
"WW5951|l|1",211,"WW5951|l|1","WW5951","WWU","H1975",NA,12.6925,NA,NA,2.48359,TRUE,FALSE,"H1975","Untreated",NA,NA,NA,NA,NA,NA,NA,NA,NA,NA,NA,NA,NA,NA,NA,NA,NA,NA,NA,NA,TRUE,TRUE,FALSE,FALSE,FALSE,TRUE,"A+E"
"WW5951|r|1",212,"WW5951|r|1","WW5951","WWU","H1975",2,20.7418,5135.6973,5446.7591,4.87003,TRUE,FALSE,"H1975","Untreated",92,0,0.0010587628386692,0.00105701287975535,0.000101576416050056,-0.273015754173147,2.99062423343427,-11.5129154649202,-9.21034037197618,-9.21034037197618,-9.21034037197618,-9.21034037197618,-9.21034037197618,1e-04,1e-04,1e-04,0.00106183320232842,-9.35854407159835,-0.145842979474632,-0.0532943184152218,FALSE,FALSE,FALSE,FALSE,FALSE,FALSE,"Not missing"
"WW6112|l|1",213,"WW6112|l|1","WW6112","WWU","A549",NA,39.0209,4413.637,5504.2711,15.47318,TRUE,FALSE,"A549","Untreated",NA,NA,NA,NA,NA,NA,NA,NA,NA,NA,NA,NA,NA,NA,NA,NA,NA,NA,NA,NA,TRUE,TRUE,FALSE,FALSE,FALSE,FALSE,"A"
"WW6112|r|1",214,"WW6112|r|1","WW6112","WWU","A549",3,19.6336,5527.2042,6057.3438,13.2112,TRUE,FALSE,"A549","Untreated",227,0,0.000864098588053941,0.00086945912335068,0.000120626278125275,-0.0202567997638873,3.46295328211605,-11.5129154649202,-9.21034037197618,-9.21034037197618,-9.21034037197618,-9.21034037197618,-9.21034037197618,1e-04,1e-04,1e-04,0.000865988044895056,-9.24191333289352,-0.154404763367361,-0.127138061654469,FALSE,FALSE,FALSE,FALSE,FALSE,FALSE,"Not missing"
"WW6113|l|1",215,"WW6113|l|1","WW6113","WWU","A549",NA,44.1807,3596.7274,5461.6831,15.30141,TRUE,FALSE,"A549","Untreated",NA,NA,NA,NA,NA,NA,NA,NA,NA,NA,NA,NA,NA,NA,NA,NA,NA,NA,NA,NA,TRUE,TRUE,FALSE,FALSE,FALSE,FALSE,"A"
"WW6113|m|1",216,"WW6113|m|1","WW6113","WWU","A549",4,25.5011,5068.5528,5875.4028,25.0391,TRUE,FALSE,"A549","Untreated",511,0,0.00116955320140777,0.00100164406467229,0.000433873428623152,1.42510825037624,3.87435844360233,-1.2031249874036,-3.14532713684539,-3.05831575985576,-2.0168618850276,-2.00226308560645,-1.90563624991737,0.148727984344423,0.0469667318982388,0.135029354207436,0.00100133327982627,-8.56581091090937,0.280265010757478,-0.705849977375348,FALSE,FALSE,FALSE,FALSE,FALSE,FALSE,"Not missing"
"WW7680|l|1",217,"WW7680|l|1","WW7680","WWU","A549",NA,NA,NA,NA,NA,TRUE,FALSE,"A549","Untreated",NA,NA,NA,NA,NA,NA,NA,NA,NA,NA,NA,NA,NA,NA,NA,NA,NA,NA,NA,NA,TRUE,TRUE,FALSE,FALSE,FALSE,TRUE,"A+E"
"WW7680|m|1",218,"WW7680|m|1","WW7680","WWU","A549",NA,5.2302,6216.1983,6270.1026,3.31344,TRUE,FALSE,"A549","Untreated",NA,NA,NA,NA,NA,NA,NA,NA,NA,NA,NA,NA,NA,NA,NA,NA,NA,NA,NA,NA,TRUE,TRUE,FALSE,FALSE,FALSE,FALSE,"A"
"WW7680|r|2",219,"WW7680|r|2","WW7680","WWU","A549",1,6.2487,6171.4643,6299.6375,4.80275,TRUE,FALSE,"A549","Untreated",76,0,0.00122622903329198,0.00117612926987931,0.000211520598953539,0.860278017023391,3.38375287811212,-0.897941593205958,-9.21034037197618,-9.21034037197618,-4.33073334028633,-4.33073334028633,-3.63758615972639,0.0263157894736842,1e-04,0.0131578947368421,0.00118434204026311,-8.71958522168743,0.137688208154749,-0.336854766137733,FALSE,FALSE,FALSE,FALSE,FALSE,FALSE,"Not missing"
"WW7682|l|1",220,"WW7682|l|1","WW7682","WWU","A549",3,20.5757,4995.5612,5775.2304,7.6598,TRUE,FALSE,"A549","Untreated",169,0,0.00136594399541187,0.00128555996343494,0.000321064025081621,0.97945718316515,3.78498142812744,-0.177983155195357,-3.74360435380318,-3.74360435380318,-2.23952695702691,-2.23952695702691,-2.18545973575663,0.112426035502959,0.0236686390532544,0.106508875739645,0.00130057098237784,-8.10767137701124,0.309014840378247,-0.239194234377347,FALSE,FALSE,FALSE,FALSE,FALSE,FALSE,"Not missing"
"WW7682|m|1",221,"WW7682|m|1","WW7682","WWU","A549",NA,11.5617,5616.9378,5880.97,12.69731,TRUE,FALSE,"A549","Untreated",NA,NA,NA,NA,NA,NA,NA,NA,NA,NA,NA,NA,NA,NA,NA,NA,NA,NA,NA,NA,TRUE,TRUE,FALSE,FALSE,FALSE,FALSE,"A"
"WW7682|r|1",222,"WW7682|r|1","WW7682","WWU","A549",NA,14.8992,5207.4185,5601.9657,19.99532,TRUE,FALSE,"A549","Untreated",NA,NA,NA,NA,NA,NA,NA,NA,NA,NA,NA,NA,NA,NA,NA,NA,NA,NA,NA,NA,TRUE,TRUE,FALSE,FALSE,FALSE,FALSE,"A"
"WW9144|l|1",223,"WW9144|l|1","WW9144","WWU","Colo205",NA,4.0962,7883.3868,8071.2126,4.76927,TRUE,FALSE,"Colo205","Untreated",NA,NA,NA,NA,NA,NA,NA,NA,NA,NA,NA,NA,NA,NA,NA,NA,NA,NA,NA,NA,TRUE,TRUE,FALSE,FALSE,FALSE,FALSE,"A"
"WW9145|r|2",224,"WW9145|r|2","WW9145","WWU","Colo205",4,18.1022,7144.457,7551.8046,7.27725,TRUE,FALSE,"Colo205","Untreated",NA,NA,NA,NA,NA,NA,NA,NA,NA,NA,NA,NA,NA,NA,NA,NA,NA,NA,NA,NA,TRUE,FALSE,FALSE,TRUE,FALSE,FALSE,"C"
